yahoo.com,6
wikipedia.org,6
netflix.com,6
youtube.com,6
bongacams.com,6
google.com,6
facebook.com,5
xhamster.com,5
pornhub.com,5
microsoft.com,5
chaturbate.com,5
live.com,5
reddit.com,4
msn.com,4
vk.com,4
microsoftonline.com,4
twitch.tv,3
bing.com,3
aliexpress.com,3
ok.ru,2
zoom.us,2
roblox.com,2
mail.ru,2
yandex.ru,2
as.com,1
allegro.pl,1
naftemporiki.gr,1
wykop.pl,1
gsis.gr,1
delgarm.com,1
protothema.gr,1
donya-e-eqtesad.com,1
prom.ua,1
google.es,1
in.gr,1
rutracker.net,1
aftodioikisi.gr,1
filimo.com,1
cuevana-3.wtf,1
web.de,1
telewebion.com,1
pz.gov.pl,1
tainio-mania.online,1
juntadeandalucia.es,1
okdiario.com,1
doctolib.fr,1
sport.es,1
fastpic.org,1
login.gov.pl,1
interia.pl,1
otto.de,1
chess.com,1
marktplaats.nl,1
gmx.net,1
labanquepostale.fr,1
librus.pl,1
meteo.gr,1
movistarplus.es,1
mabanque.bnpparibas,1
n-tv.de,1
newpost.gr,1
trustpilot.com,1
espressonews.gr,1
vkmag.com,1
service-public.fr,1
google.com.ua,1
zdf.de,1
aparat.com,1
centrum24.pl,1
to10.gr,1
vagina.nl,1
bancosantander.es,1
telekom.com,1
telegraaf.nl,1
amazon.es,1
nbg.gr,1
ceneo.pl,1
zougla.gr,1
free.fr,1
epirusonline.gr,1
dhl.de,1
diaforetiko.gr,1
ikea.com,1
o2.pl,1
idealista.com,1
gazeta.pl,1
vidal.fr,1
google.nl,1
gismeteo.ua,1
mundodeportivo.com,1
kwejk.pl,1
elperiodico.com,1
cda.pl,1
sepe.gob.es,1
pagenews.gr,1
kinokrad.co,1
seg-social.gob.es,1
caixabank.es,1
oui.sncf,1
sch.gr,1
clave.gob.es,1
start-pl.com,1
nos.nl,1
yanbal.com,1
elcorreo.com,1
medonet.pl,1
xrysessyntages.gr,1
newsit.gr,1
money.pl,1
rutracker.org,1
ameli.fr,1
larissanet.gr,1
joemonster.org,1
amazon.de,1
mediaexpert.pl,1
ebay-kleinanzeigen.de,1
elpais.com,1
www.gov.pl,1
paypal.com,1
alfavita.gr,1
lavozdegalicia.es,1
rtve.es,1
mbank.pl,1
ouest-france.fr,1
orange.fr,1
pole-emploi.fr,1
tomanifesto.gr,1
tovima.gr,1
rezka.ag,1
digid.nl,1
liberal.gr,1
xunta.gal,1
newsauto.gr,1
google.pl,1
caisse-epargne.fr,1
lemonde.fr,1
parapolitika.gr,1
laposte.fr,1
vinted.fr,1
libertaddigital.com,1
i-diakopes.gr,1
credit-agricole.fr,1
thebest.gr,1
leboncoin.fr,1
ipko.pl,1
animeflv.net,1
teleman.pl,1
autogreeknews.gr,1
rokna.net,1
pronews.gr,1
superjob.ru,1
bild.de,1
guadalinfo.es,1
dikaiologitika.gr,1
enimerotiko.gr,1
ozon.ru,1
fandom.com,1
elcorteingles.es,1
sfr.fr,1
amazonaws.com,1
sinoptik.ua,1
wetter.com,1
index-education.net,1
varzesh3.com,1
wp.pl,1
andaluciaesdigital.es,1
google.gr,1
tvp.pl,1
filmweb.pl,1
tanea.gr,1
ebay.fr,1
businessinsider.com.pl,1
filmix.ac,1
rutor.info,1
laposte.net,1
fast-torrent.ru,1
demotywatory.pl,1
meteofrance.com,1
marca.com,1
services.gov.gr,1
otomoto.pl,1
caf.fr,1
vulcan.net.pl,1
typosthes.gr,1
newsbreak.gr,1
winbank.gr,1
google.ru,1
cdiscount.com,1
www.gov.gr,1
aade.gr,1
skladchik.com,1
thestival.gr,1
lefigaro.fr,1
pudelek.pl,1
ria.com,1
youporn.com,1
idealo.de,1
t-online.de,1
olx.ua,1
ebay.de,1
vi.nl,1
elmundo.es,1
google.fr,1
edf.fr,1
onet.pl,1
wlp-acs.com,1
partner.ru,1
pinterest.de,1
skroutz.gr,1
rarbg.to,1
chip.de,1
namasha.com,1
olx.pl,1
bankmillennium.pl,1
xvideos.com,1
science.az,1
impots.gouv.fr,1
nu.nl,1
pornolab.net,1
google.de,1
amazon.fr,1
lifo.gr,1
bbva.es,1
