website,countries
google.com,26
wikipedia.org,26
youtube.com,26
facebook.com,25
xhamster.com,24
pornhub.com,24
netflix.com,23
instagram.com,20
twitter.com,20
xvideos.com,19
twitch.tv,18
xnxx.com,18
live.com,18
yahoo.com,17
reddit.com,16
office.com,13
tiktok.com,12
whatsapp.com,11
linkedin.com,11
microsoftonline.com,9
microsoft.com,9
bongacams.com,7
duckduckgo.com,7
roblox.com,6
fandom.com,6
bing.com,5
chaturbate.com,5
samsung.com,5
msn.com,5
aliexpress.com,5
imdb.com,4
google.com.br,4
stripchat.com,4
messenger.com,4
vk.com,4
chip.de,3
amazon.de,3
pinterest.com,3
yandex.ru,3
sharepoint.com,3
amazon.fr,3
gmx.net,3
amazon.es,3
pudelek.pl,2
ceneo.pl,2
spiegel.de,2
nos.nl,2
n-tv.de,2
meteo.gr,2
zoom.us,2
idealo.de,2
lemonde.fr,2
newsit.gr,2
pronews.gr,2
aade.gr,2
as.com,2
google.pl,2
wetter.com,2
free.fr,2
cdiscount.com,2
allegro.pl,2
o2.pl,2
rtve.es,2
tvp.pl,2
lifo.gr,2
paypal.com,2
google.gr,2
telegraaf.nl,2
zougla.gr,2
cda.pl,2
vulcan.net.pl,2
abczdrowie.pl,2
google.nl,2
t-online.de,2
bol.com,2
leboncoin.fr,2
vinted.fr,2
gazeta.pl,2
in.gr,2
okdiario.com,2
gsis.gr,2
librus.pl,2
sfr.fr,2
olx.pl,2
money.pl,2
elmundo.es,2
lefigaro.fr,2
otomoto.pl,2
ebay.de,2
google.fr,2
marktplaats.nl,2
zdf.de,2
nu.nl,2
orange.fr,2
laposte.fr,2
wp.pl,2
medonet.pl,2
labanquepostale.fr,2
ouest-france.fr,2
nbg.gr,2
mail.ru,2
ebay-kleinanzeigen.de,2
ipko.pl,2
sch.gr,2
mundodeportivo.com,2
skroutz.gr,2
winbank.gr,2
credit-agricole.fr,2
index-education.net,2
onet.pl,2
services.gov.gr,2
businessinsider.com.pl,2
google.de,2
filmweb.pl,2
tweakers.net,2
interia.pl,2
idealista.com,2
bild.de,2
digid.nl,2
csfd.cz,2
news.google.com,2
mbank.pl,2
marca.com,2
otto.de,2
ok.ru,2
google.es,2
protothema.gr,2
wykop.pl,2
web.de,2
elperiodico.com,2
doctolib.fr,2
elpais.com,2
foreca.fi,1
dir.bg,1
rizk.hr,1
zus.pl,1
centrum.sk,1
milanuncios.com,1
actualno.com,1
markiza.sk,1
swedbank.se,1
elgiganten.se,1
20minutos.es,1
vbox7.com,1
bet365.gr,1
xrysessyntages.gr,1
tainio-mania.online,1
google.co.id,1
azet.sk,1
rabobank.nl,1
mabanque.bnpparibas,1
tv4play.se,1
gencat.cat,1
noen.at,1
caf.fr,1
weather.com,1
hrt.hr,1
evz.ro,1
rte.ie,1
vagina.nl,1
blikk.hu,1
frognews.bg,1
viaplay.se,1
email.cz,1
portaldasfinancas.gov.pt,1
bazos.cz,1
elcorreo.com,1
abola.pt,1
libertaddigital.com,1
veikkaus.fi,1
tim.it,1
filmix.ac,1
thebest.gr,1
sportal.bg,1
svtplay.se,1
poslovni.hr,1
glasistre.hr,1
amateri.com,1
profesia.sk,1
expresso.pt,1
repubblica.it,1
tradera.com,1
berlingske.dk,1
voetbalzone.nl,1
ceskatelevize.cz,1
marmiton.org,1
prozeny.cz,1
irishmirror.ie,1
leparisien.fr,1
idealista.pt,1
fabswingers.com,1
gazzetta.gr,1
mall.cz,1
sport.cz,1
index.hu,1
gala.fr,1
mindmegette.hu,1
bbva.es,1
gloria.hr,1
seg-social.gob.es,1
olx.pt,1
programme-tv.net,1
adevarul.ro,1
caisse-epargne.fr,1
heute.at,1
blitz.bg,1
mediaset.it,1
dedeman.ro,1
coolinarika.com,1
telecinco.es,1
observador.pt,1
pinterest.fr,1
clave.gob.es,1
nemzetisport.hu,1
super.cz,1
arukereso.hu,1
kuleuven.be,1
sport.pl,1
raiplay.it,1
btvnovinite.bg,1
framar.bg,1
kinokrad.co,1
sapo.pt,1
emag.hu,1
google.ro,1
libero.it,1
gov.hr,1
femina.hu,1
newsbomb.gr,1
offnews.bg,1
dhl.de,1
hirstart.hu,1
abc.es,1
shkolo.bg,1
skole.hr,1
filmisub.com,1
plovdiv24.bg,1
telenet.be,1
stirileprotv.ro,1
mozinet.me,1
aemet.es,1
pricerunner.dk,1
kathimerini.gr,1
cuevana-3.wtf,1
rutracker.org,1
hrvatskitelekom.hr,1
aparat.com,1
kaufland.com,1
ilsole24ore.com,1
gutekueche.at,1
cmjornal.pt,1
futbol24.com,1
sme.sk,1
sinoptik.bg,1
racingnews365.nl,1
hs.fi,1
plejada.pl,1
pravda.sk,1
dexonline.ro,1
donya-e-eqtesad.com,1
tv.nu,1
ansa.it,1
namasha.com,1
vesti.bg,1
pinterest.es,1
zalando.nl,1
elespanol.com,1
telekom.de,1
smartschool.be,1
mall.sk,1
jogossantacasa.pt,1
ylilauta.org,1
is.fi,1
tt.com,1
corriere.it,1
gotvach.bg,1
hbomax.com,1
hh.ru,1
tportal.hr,1
ebay.fr,1
athensmagazine.gr,1
google.hu,1
dhnet.be,1
eltiempo.es,1
elconfidencial.com,1
pik.bg,1
szn.cz,1
aftonbladet.se,1
czc.cz,1
filimo.com,1
flashback.org,1
news247.gr,1
dailymail.co.uk,1
krone.at,1
ebay.it,1
hn.cz,1
disneyplus.com,1
smhi.se,1
cas.sk,1
jurnalul.ro,1
gossip-tv.gr,1
elcorteingles.es,1
cgd.pt,1
linker.hr,1
rezka.ag,1
bet365.com,1
publico.pt,1
kukaj.io,1
edupass.gov.gr,1
acesso.gov.pt,1
sport.interia.pl,1
wetteronline.de,1
vodafone.com,1
uloz.to,1
dn.pt,1
aktualne.cz,1
nordnet.dk,1
makeleio.gr,1
drei.at,1
mediaexpert.pl,1
extra.cz,1
derstandard.at,1
fgov.be,1
lequipe.fr,1
typosthes.gr,1
fontanka.ru,1
rijksoverheid.nl,1
alza.sk,1
ilmatieteenlaitos.fi,1
amazon.se,1
tijd.be,1
tanea.gr,1
google.dk,1
rokna.net,1
lavanguardia.com,1
sbazar.cz,1
lastampa.it,1
bombuj.si,1
garaz.cz,1
theguardian.com,1
login.gov.pl,1
ilmeteo.it,1
funktionstjanster.se,1
amazon.com,1
kurier.at,1
pinterest.pt,1
nordea.com,1
parapolitika.gr,1
gov.sk,1
gismeteo.ua,1
nova.bg,1
xunta.gal,1
lesoir.be,1
dnevnik.bg,1
1177.se,1
newsbreak.gr,1
24chasa.bg,1
proximus.be,1
k-ruoka.fi,1
sport.es,1
andaluciaesdigital.es,1
jeuxvideo.com,1
tomanifesto.gr,1
itsme.be,1
larissanet.gr,1
google.sk,1
demorgen.be,1
g4media.ro,1
seznam.cz,1
wpcdn.pl,1
min-saude.pt,1
adverts.ie,1
portfolio.hu,1
sport.ro,1
fnac.com,1
agones.gr,1
enimerotiko.gr,1
amazon.co.uk,1
sinoptik.ua,1
supersport.hr,1
impots.gouv.fr,1
ad.nl,1
gazzetta.it,1
ethnos.gr,1
meinbezirk.at,1
mitid.dk,1
iprima.cz,1
nieuwsblad.be,1
tvn24.pl,1
iefimerida.gr,1
telsu.fi,1
hvg.hu,1
denik.cz,1
subito.it,1
slobodnadalmacija.hr,1
ameli.fr,1
guadalinfo.es,1
etuovi.com,1
elgiganten.dk,1
betano.pt,1
stoiximan.gr,1
novilist.hr,1
dikaiologitika.gr,1
dhlparcel.nl,1
filmorias.com,1
rutor.info,1
zoznam.sk,1
nettiauto.com,1
livesport.cz,1
gva.be,1
twinrdsrv.com,1
aktuality.sk,1
serraikanea.gr,1
google.be,1
trustpilot.com,1
unilogin.dk,1
ziggo.nl,1
immoweb.be,1
idnes.cz,1
amazonaws.com,1
worten.pt,1
bancosantander.es,1
varzesh3.com,1
vkmag.com,1
heureka.cz,1
staseraintv.com,1
expressen.se,1
edf.fr,1
rtlnieuws.nl,1
diretta.it,1
dnevno.hr,1
pepper.pl,1
t-online.hu,1
google.hr,1
journaldesfemmes.fr,1
car.gr,1
ica.se,1
jutarnji.hr,1
oe24.at,1
ikea.com,1
flashscore.ro,1
atg.se,1
giallozafferano.it,1
20minutes.fr,1
gosuslugi.ru,1
sorozatbarat.club,1
di.se,1
ilmessaggero.it,1
www.gov.gr,1
aboutyou.hr,1
ilfattoquotidiano.it,1
mobile.bg,1
film.kukaj.io,1
welt.de,1
sport.tv2.dk,1
iol.pt,1
hnonline.sk,1
actu.fr,1
google.ru,1
bazar.bg,1
aruba.it,1
zbozi.cz,1
edupage.org,1
svt.se,1
ah.nl,1
movistarplus.es,1
amazon.nl,1
postnl.nl,1
wyborcza.pl,1
bfmtv.com,1
avanza.se,1
google.fi,1
chefkoch.de,1
centrum24.pl,1
livejasmin.com,1
sparkasse.at,1
nos.pt,1
mtvuutiset.fi,1
inschool.fi,1
fnac.pt,1
coronavirus.bg,1
google.se,1
au.dk,1
gsp.ro,1
lottery.ie,1
petel.bg,1
google.at,1
palmsbet.com,1
sverigesradio.se,1
hlavnespravy.sk,1
liberoquotidiano.it,1
pole-emploi.fr,1
i-diakopes.gr,1
hitta.se,1
gls-pakete.de,1
telex.hu,1
libertatea.ro,1
444.hu,1
ugent.be,1
rarbg.to,1
amateur.tv,1
njuskalo.hr,1
focus.de,1
bankmillennium.pl,1
lavozdegalicia.es,1
dr.dk,1
meteofrance.com,1
modrykonik.sk,1
irishtimes.com,1
9anime.to,1
liberal.gr,1
olx.ua,1
sundhed.dk,1
idokep.hu,1
gigantti.fi,1
startitup.sk,1
dnes.bg,1
rutracker.net,1
rtl.hr,1
online-filmek.me,1
telekom.com,1
mojevideo.sk,1
healthservice.ie,1
fanpage.it,1
standaard.be,1
bazos.sk,1
ampparit.com,1
bt.dk,1
vecernji.hr,1
belgium.be,1
kleinezeitung.at,1
politiken.dk,1
buienradar.nl,1
jn.pt,1
poste.it,1
iltalehti.fi,1
diaforetiko.gr,1
mediamarkt.at,1
life.hu,1
gyakorikerdesek.hu,1
videa.hu,1
privatehomeclips.com,1
cosmote.gr,1
donedeal.ie,1
hasznaltauto.hu,1
promotions.hu,1
amazon.it,1
vol.at,1
lidl.sk,1
google.com.ua,1
naftemporiki.gr,1
dmi.dk,1
service-public.fr,1
ria.com,1
telia.fi,1
google.cz,1
start-pl.com,1
telegram.hr,1
alo.bg,1
svenskaspel.se,1
sport.aktuality.sk,1
2dehands.be,1
discord.com,1
google.it,1
filmeserialeonline.org,1
fantacalcio.it,1
abv.bg,1
3bmeteo.com,1
gp.se,1
teleman.pl,1
allocine.fr,1
hln.be,1
olx.bg,1
freemail.hu,1
suomi.fi,1
zivotvcesku.cz,1
pobre.tv,1
nordea.fi,1
emvolio.gov.gr,1
mapy.cz,1
google.bg,1
orf.at,1
aula.dk,1
dba.dk,1
suomi24.fi,1
bergfex.at,1
sdna.gr,1
filmaffinity.com,1
pz.gov.pl,1
alfavita.gr,1
dennikn.sk,1
hse.ie,1
blocket.se,1
record.pt,1
anpost.com,1
ing.nl,1
stiripesurse.ro,1
op.fi,1
rtbf.be,1
publi24.ro,1
novini.bg,1
emag.bg,1
willhaben.at,1
legossip.net,1
post.at,1
to10.gr,1
flash.pt,1
delgarm.com,1
prosport.ro,1
borsonline.hu,1
brainly.ro,1
lectio.dk,1
lead-horizon.org,1
index.hr,1
capital.ro,1
telewebion.com,1
google.ie,1
tazz.ro,1
espressonews.gr,1
epirusonline.gr,1
hotnews.ro,1
rip.ie,1
freevideo.cz,1
tagesschau.de,1
independent.ie,1
auto.bazos.sk,1
net.hr,1
svd.se,1
bbc.co.uk,1
ziare.com,1
a1.net,1
demotywatory.pl,1
yousee.dk,1
tvguia.es,1
ekstrabladet.dk,1
psk.hr,1
sky.it,1
aukro.cz,1
zalando.dk,1
sport-fm.gr,1
zeit.de,1
klik.hr,1
bakecaincontrii.com,1
cancan.ro,1
pagenews.gr,1
digi24.ro,1
kela.fi,1
blesk.cz,1
sport.orf.at,1
jofogas.hu,1
prisjakt.nu,1
gov.hu,1
www.gov.pl,1
euro.com.pl,1
xcams.cam,1
nlc.hu,1
dariknews.bg,1
gelocal.it,1
altex.ro,1
winbet.bg,1
wlp-acs.com,1
nachrichten.at,1
juntadeandalucia.es,1
superjob.ru,1
fakti.bg,1
digisport.ro,1
sporza.be,1
animeflv.net,1
n1info.com,1
pluska.sk,1
rtp.pt,1
aliexpress.ru,1
yle.fi,1
centrum.cz,1
voici.fr,1
urssaf.fr,1
loteriasyapuestas.es,1
viaplay.dk,1
sledujserialy.io,1
jeftinije.hr,1
aaiedu.hr,1
topky.sk,1
google.co.uk,1
hirkereso.hu,1
cpa-optimizer.online,1
newpost.gr,1
sudinfo.be,1
win2day.at,1
vi.nl,1
seg-social.es,1
napi.hu,1
coolblue.nl,1
e-boks.com,1
zamunda.net,1
daft.ie,1
flashscore.sk,1
origo.hu,1
kaufland.de,1
bbc.com,1
vrt.be,1
kwejk.pl,1
marica.bg,1
funda.nl,1
eredmenyek.com,1
story.hr,1
gong.bg,1
google.pt,1
tovima.gr,1
pinterest.de,1
ripost.hu,1
nosalty.hu,1
tori.fi,1
olx.ro,1
laposte.net,1
orange.ro,1
meteo.hr,1
forum.hr,1
joemonster.org,1
vidal.fr,1
gmx.at,1
hofer.at,1
ku.dk,1
spankbang.com,1
meo.pt,1
eldiario.es,1
emag.ro,1
filmvilag.me,1
sportdog.gr,1
aftodioikisi.gr,1
caixabank.es,1
orange.es,1
stream.cz,1
rtl.be,1
dn.se,1
ninisite.com,1
newsbeast.gr,1
24sata.hr,1
pornolab.net,1
playtech.ro,1
sreality.cz,1
noticiasaominuto.com,1
verkkokauppa.com,1
datart.cz,1
thestival.gr,1
heureka.sk,1
zalando.be,1
e-boks.dk,1
sport24.gr,1
yanbal.com,1
novinky.cz,1
dnevnik.hr,1
startlap.hu,1
fast-torrent.ru,1
fakt.pl,1
tipsport.cz,1
nova.cz,1
shmu.sk,1
filelist.io,1
alza.cz,1
dpgmedia.nl,1
24.hu,1
ipma.pt,1
kauppalehti.fi,1
skladchik.com,1
newsauto.gr,1
hemnet.se,1
thejournal.ie,1
virgilio.it,1
tv2.dk,1
posti.fi,1
science.az,1
francetvinfo.fr,1
premierleague.com,1
elisa.fi,1
