,url,first_party,third_party
0,"amazon.de/gp/help/customer/display.html?nodeId=201890250&ref_=footer_cookies_notice
",amazon.de,
1,"amazon.de/gp/help/customer/display.html?nodeId=201890250&ref_=footer_cookies_notice
",amazon.de,
2,"amazon.de/cookieprefs/partners
",amazon.de,
3,"amazon.de/cookieprefs?ref_=ya_d_l_cookie_prefs
",amazon.de,
4,"amazon.de/gp/help/customer/display.html?nodeId=201909010&ref_=footer_privacy
",amazon.de,
5,"amazon.de/cookieprefs?ref_=portal_banner_cpp
",amazon.de,
6,"amazon.de/ref=nav_logo
",amazon.de,
7,"amazon.de/gp/customer-preferences/select-language/ref=topnav_lang?ie=UTF8&preferencesReturnUrl=%2F
",amazon.de,
8,"https://www.amazon.de/ap/signin?openid.pape.max_auth_age=0&openid.return_to=https%3A%2F%2Fwww.amazon.de%2F%3F_encoding%3DUTF8%26ref_%3Dnav_ya_signin&openid.identity=http%3A%2F%2Fspecs.openid.net%2Fauth%2F2.0%2Fidentifier_select&openid.assoc_handle=deflex&openid.mode=checkid_setup&openid.claimed_id=http%3A%2F%2Fspecs.openid.net%2Fauth%2F2.0%2Fidentifier_select&openid.ns=http%3A%2F%2Fspecs.openid.net%2Fauth%2F2.0&
",amazon.de,
9,"amazon.de/gp/css/order-history?ref_=nav_orders_first
",amazon.de,
10,"https://www.amazon.de/gp/cart/view.html?ref_=nav_cart
",amazon.de,
11,"amazon.de/gp/site-directory?ref_=nav_em_js_disabled
",amazon.de,
12,"amazon.de/blackfriday?ref_=nav_cs_gb_td_bfc_dt_cr_99f42729c8154a059000faee000e5309
",amazon.de,
13,"amazon.de/Lebensmittel-Getr%C3%A4nke/b/?ie=UTF8&node=340846031&ref_=nav_cs_consumables_417db1bf7899440ea6b9ede79881d408
",amazon.de,
14,"amazon.de/gp/bestsellers/?ref_=nav_cs_bestsellers_4b9b1e4c3c8d4e3ab044487b9922fbcf
",amazon.de,
15,"amazon.de/stores/node/1686827031/?field-lbr_brands_browse-bin=AmazonBasics&ref_=nav_cs_amazonbasics_b6d5761fe729487ba89923fa99b3429f
",amazon.de,
16,"amazon.de/gp/new-releases/?ref_=nav_cs_newreleases_ea9f7d78df4e46e482aae5c6d97c15f4
",amazon.de,
17,"amazon.de/gp/help/customer/display.html?nodeId=508510&ref_=nav_cs_help_5f86a98692ee4ec48309e99c4bde2e6b
",amazon.de,
18,"amazon.de/prime?ref_=nav_cs_primelink_nonmember_bba7beeda60b4da09024b49372e41783
",amazon.de,
19,"amazon.de/b%C3%BCcher-buch-lesen/b/?ie=UTF8&node=186606&ref_=nav_cs_books_4396c7804a7d490d9558b2d02eb7ee57
",amazon.de,
20,"amazon.de/k%C3%BCche-haushalt-wohnen/b/?ie=UTF8&node=3167641&ref_=nav_cs_home_381f07f6b28841e1a2e21bcc4b27b9cd
",amazon.de,
21,"amazon.de/Elektronik-Foto/b/?ie=UTF8&node=562066&ref_=nav_cs_electronics_368806be0b5a4609a8cb3498d37e142b
",amazon.de,
22,"amazon.de/Video-Games/b/?ie=UTF8&node=300992&ref_=nav_cs_video_games_98ec35f9e49c46aba914bef970bd66cc
",amazon.de,
23,"amazon.de/Amazon-Fashion-Mode/b/?ie=UTF8&node=11961464031&ref_=nav_cs_fashion_d99fa584d2ed4bd398f3ceb9616e88e3
",amazon.de,
24,"amazon.de/gp/coupons/?ref_=nav_cs_coupons_1c2eeccd39a0465fada87122ed2d1e7f
",amazon.de,
25,"amazon.de/Spielzeug-Brettspiele-Baby-Kleinkind/b/?ie=UTF8&node=12950651&ref_=nav_cs_toys_7c8d2e47f4824ff1831c37172ea8ef52
",amazon.de,
26,"amazon.de/baumarkt-werkzeug-heimwerken/b/?ie=UTF8&node=80084031&ref_=nav_cs_hi_600e2091462d4ff5a72c67cb48258d42
",amazon.de,
27,"amazon.de/auto-tuning-autoteile/b/?ie=UTF8&node=78191031&ref_=nav_cs_automotive_17f45e3138ab479dac6ce6d97f2a320e
",amazon.de,
28,"amazon.de/sport-freizeit-sportartikel/b/?ie=UTF8&node=16435051&ref_=nav_cs_sports_004e337cc1364892aecf4d75015815a8
",amazon.de,
29,"amazon.de/gcx/-/gfhz/?ref_=nav_cs_giftfinder_5c796d34adcf49068806cceec4be56bb
",amazon.de,
30,"amazon.de/Drogerie-K%C3%B6rperpflege/b/?ie=UTF8&node=64187031&ref_=nav_cs_hpc_39fed040796d4b5b9b02bd7bc5c9f7d5
",amazon.de,
31,"amazon.de/Tierbedarf-Tiernahrung/b/?ie=UTF8&node=340852031&ref_=nav_cs_pets_a0b2dab790714636b43b43a7876019d3
",amazon.de,
32,"amazon.de/baby-babyausstattung-babyartikel/b/?ie=UTF8&node=355007011&ref_=nav_cs_baby_c8aa445b5a8642748d074d6cb844226d
",amazon.de,
33,"amazon.de/Premium-Beauty/b/?ie=UTF8&node=3765352031&ref_=nav_cs_beauty_043a64daaada41b6adaaab6186898333
",amazon.de,
34,"amazon.de/b/?node=15425785031&ref_=nav_cs_shoppertoolkit_4d24cfca5bab46698944ae1d54f62740
",amazon.de,
35,"amazon.de/Geschenkgutscheine/b/?ie=UTF8&node=1571256031&ref_=nav_cs_gc_a12ce55ba01d4033859aa1e1a0db754c
",amazon.de,
36,"amazon.de/Computer-Zubehoer/b/?ie=UTF8&node=340843031&ref_=nav_cs_pc_7314cdc158174fd592aea57ac6d75401
",amazon.de,
37,"amazon.de/kindle-shop-ebooks-zeitungen-zubeh%C3%B6r/b/?ie=UTF8&node=530484031&ref_=nav_cs_kindle_books_567e2f2870f64001b46e0ed7fee5f04c
",amazon.de,
38,"amazon.de/b/?node=14824914031&ref_=nav_cs_freeshipping_a31bc1ae15fb4450b87ac74ee400171d
",amazon.de,
39,"amazon.de/auto-deliveries/landing?ref_=nav_cs_sns_12002ea8963849ed8bc5f827484ed01d
",amazon.de,
40,"amazon.de/b/?node=2383621031&ld=AZDEGNOSellC&ref_=nav_cs_sell_0fdb4d4b6b87493c9bc5e1291f7bda76
",amazon.de,
41,"amazon.de/hz/contact-us/accessibility
",amazon.de,
42,"amazon.de/gp/help/customer/display.html/?ie=UTF8&nodeId=GKM69DUUYKQWKWX7&ref_=nav_swm_de_SWM&pf_rd_p=f22d34ba-ef1e-46c4-8d93-68c4e59571c7&pf_rd_s=nav-sitewide-msg&pf_rd_t=4201&pf_rd_i=navbar-4201&pf_rd_m=A1PA6795UKMFR9&pf_rd_r=XJEKJMTTE4H628QX7YS1
",amazon.de,
43,"amazon.de/dp/B07PHPXHQS/ref=gw_de_desk_h1_sh_aucc_cr_pack_ebfd21/
",amazon.de,
44,"amazon.de/blackfriday
",amazon.de,
45,"amazon.de/blackfriday
",amazon.de,
46,"amazon.de/dp/B07ZZVWB4L/ref=gw_de_desk_mso_smp_shl_bau_xpl2
",amazon.de,
47,"amazon.de/dp/B07NQDHC7S/ref=gw_de_desk_mso_aucc_ot_bau_xpl2
",amazon.de,
48,"amazon.de/dp/B08KH2MTSS/ref=gw_de_desk_mso_aucc_cro_bau_xpl2
",amazon.de,
49,"amazon.de/dp/B07747FR44/ref=gw_de_desk_mso_eink_moo_bau_xpl2
",amazon.de,
50,"amazon.de/s?k=Amazon+Ger%C3%A4te&i=electronics&rh=n%3A562066%2Cp_89%3AAmazon&dc&__mk_de_DE=%C3%85M%C3%85%C5%BD%C3%95%C3%91&qid=1629374878&rnid=389294011&ref=sr_nr_p_36_31&ref_=gw_de_desk_mso_comb_seemore_0221
",amazon.de,
51,"amazon.de/hz/audible/mlp/mdp/gold/paid?ActionCode=AZDOR06711012190M1&ref=adbl_gw_dp_bf21
",amazon.de,
52,"amazon.de/hz/audible/mlp/mdp/gold/paid?ActionCode=AZDOR06711012190M1&ref=adbl_gw_dp_bf21
",amazon.de,
53,"amazon.de/gp/redirect.html/ref=dmm_gw_c_ENG_DE_am_wb_pp_Herzstück_121121?location=https://music.amazon.de/playlists/B01H7D2Y42&token=E21EF529B40445A8BDFF65E2FE7F26D7741BE618&source=standards
",amazon.de,
54,"amazon.de/gp/redirect.html/ref=dmm_gw_c_ENG_DE_am_wb_pp_Herzstück_121121?location=https://music.amazon.de/playlists/B01H7D2Y42&token=E21EF529B40445A8BDFF65E2FE7F26D7741BE618&source=standards
",amazon.de,
55,"amazon.de/gp/redirect.html/ref=dmm_gw_c_ENG_DE_amu_wb_nr_MPK_121121?location=https://music.amazon.de/albums/B09DDJ93V9&token=AF6C4092B91D3C8CF40CA09540457396B6BC99AD&source=standards
",amazon.de,
56,"amazon.de/gp/redirect.html/ref=dmm_gw_c_ENG_DE_amu_wb_nr_MPK_121121?location=https://music.amazon.de/albums/B09DDJ93V9&token=AF6C4092B91D3C8CF40CA09540457396B6BC99AD&source=standards
",amazon.de,
57,"www.ebay-kleinanzeigen.de/gp/browse.html?node=14531981031
",www.ebay-kleinanzeigen.de,
58,"www.ebay-kleinanzeigen.de/gp/browse.html?node=14531977031
",www.ebay-kleinanzeigen.de,
59,"amazon.de/music/unlimited/ref=dmm_gw_cat_d_amu_acq_Q4_SW_BF_DE
",amazon.de,
60,"amazon.de/music/unlimited/ref=dmm_gw_cat_d_amu_acq_Q4_SW_BF_DE
",amazon.de,
61,"amazon.de/gp/redirect.html/ref=dmm_gw_c_ENG_DE_am_wb_rhd_Mordlausch_121121?location=https://music.amazon.de/podcasts/9849570b-652d-44b2-bf1b-bec0c5c2caf9&token=2FF577E549E24E9F48E72C9692F0E2BCDDE35881&source=standards
",amazon.de,
62,"amazon.de/gp/redirect.html/ref=dmm_gw_c_ENG_DE_am_wb_rhd_Mordlausch_121121?location=https://music.amazon.de/podcasts/9849570b-652d-44b2-bf1b-bec0c5c2caf9&token=2FF577E549E24E9F48E72C9692F0E2BCDDE35881&source=standards
",amazon.de,
63,"amazon.de/dp/B0992KGHGM?ActionCode=AZDOR06710042190LH&?ref=adbl_gw_dp__Playlist
",amazon.de,
64,"amazon.de/dp/B0992KGHGM?ActionCode=AZDOR06710042190LH&?ref=adbl_gw_dp__Playlist
",amazon.de,
65,"amazon.de/blackfriday
",amazon.de,
66,"amazon.de/blackfriday?deals-widget=%257B%2522presetId%2522:%2522deals-collection-all-deals%2522%257D
",amazon.de,
67,"amazon.de/blackfriday?deals-widget=%257B%2522presetId%2522:%2522deals-collection-lightning-deals%2522%257D
",amazon.de,
68,"amazon.de/blackfriday?deals-widget=%257B%2522presetId%2522:%2522deals-collection-amazon-devices%2522%257D
",amazon.de,
69,"amazon.de/blackfriday?deals-widget=%257B%2522presetId%2522:%2522deals-collection-deals-under-20%2522%257D
",amazon.de,
70,"amazon.de/blackfriday?deals-widget=%257B%2522presetId%2522:%2522deals-collection-computers-and-software%2522%257D
",amazon.de,
71,"amazon.de/blackfriday?deals-widget=%257B%2522presetId%2522:%2522deals-collection-kitchen-home-and-furniture%2522%257D
",amazon.de,
72,"amazon.de/blackfriday?deals-widget=%257B%2522presetId%2522:%2522deals-collection-tv-and-films%2522%257D
",amazon.de,
73,"amazon.de/blackfriday?deals-widget=%257B%2522presetId%2522:%2522deals-collection-diy-and-garden%2522%257D
",amazon.de,
74,"amazon.de/blackfriday?deals-widget=%257B%2522presetId%2522:%2522deals-collection-drugstore%2522%257D
",amazon.de,
75,"amazon.de/Pampers-Premium-Protection-Windeln-Halbmonatsbox/dp/B06Y12PQJ8?_encoding=UTF8&pd_rd_w=WNWNe&pf_rd_p=db3d46a0-9753-4931-a8f9-00d03de3342f&pf_rd_r=XJEKJMTTE4H628QX7YS1&pd_rd_r=b737b44b-4145-4e17-a8a8-a2d28e2c4d25&pd_rd_wg=USJrz&ref_=pd_gw_trq_ed_hh44av0n
",amazon.de,
76,"amazon.de/Golden-Premium-Kollagen-Komplex-Portionen/dp/B0847P7QYM?_encoding=UTF8&pd_rd_w=WNWNe&pf_rd_p=db3d46a0-9753-4931-a8f9-00d03de3342f&pf_rd_r=XJEKJMTTE4H628QX7YS1&pd_rd_r=b737b44b-4145-4e17-a8a8-a2d28e2c4d25&pd_rd_wg=USJrz&ref_=pd_gw_trq_ed_hh44av0n
",amazon.de,
77,"amazon.de/AUCUNE-81687211-SENSITIVE-WIPES-12x52/dp/B07PYLWDGM?_encoding=UTF8&pd_rd_w=WNWNe&pf_rd_p=db3d46a0-9753-4931-a8f9-00d03de3342f&pf_rd_r=XJEKJMTTE4H628QX7YS1&pd_rd_r=b737b44b-4145-4e17-a8a8-a2d28e2c4d25&pd_rd_wg=USJrz&ref_=pd_gw_trq_ed_hh44av0n
",amazon.de,
78,"amazon.de/Finish-Quantum-Ultimate-Sp%C3%BClmaschinentabs-Geschirrsp%C3%BCltabs/dp/B08GKZ75XJ?_encoding=UTF8&pd_rd_w=WNWNe&pf_rd_p=db3d46a0-9753-4931-a8f9-00d03de3342f&pf_rd_r=XJEKJMTTE4H628QX7YS1&pd_rd_r=b737b44b-4145-4e17-a8a8-a2d28e2c4d25&pd_rd_wg=USJrz&ref_=pd_gw_trq_ed_hh44av0n
",amazon.de,
79,"amazon.de/BotClean-Bodenreiniger-Fl%C3%BCssigkeit-18ml-Saugroboter-Wischfunktion/dp/B07ZTFM4D9?_encoding=UTF8&pd_rd_w=WNWNe&pf_rd_p=db3d46a0-9753-4931-a8f9-00d03de3342f&pf_rd_r=XJEKJMTTE4H628QX7YS1&pd_rd_r=b737b44b-4145-4e17-a8a8-a2d28e2c4d25&pd_rd_wg=USJrz&ref_=pd_gw_trq_ed_hh44av0n
",amazon.de,
80,"amazon.de/Pampers-HALBMONATSBOX-Hautschutz-Pflanzenbasierte-Inhaltsstoffe/dp/B08WD8V816?_encoding=UTF8&pd_rd_w=WNWNe&pf_rd_p=db3d46a0-9753-4931-a8f9-00d03de3342f&pf_rd_r=XJEKJMTTE4H628QX7YS1&pd_rd_r=b737b44b-4145-4e17-a8a8-a2d28e2c4d25&pd_rd_wg=USJrz&ref_=pd_gw_trq_ed_hh44av0n
",amazon.de,
81,"amazon.de/Pampers-Baby-Dry-Windeln-11-16-Monatsbox/dp/B00AR9HX3G?_encoding=UTF8&pd_rd_w=WNWNe&pf_rd_p=db3d46a0-9753-4931-a8f9-00d03de3342f&pf_rd_r=XJEKJMTTE4H628QX7YS1&pd_rd_r=b737b44b-4145-4e17-a8a8-a2d28e2c4d25&pd_rd_wg=USJrz&ref_=pd_gw_trq_ed_hh44av0n
",amazon.de,
82,"amazon.de/s?i=fashion&bbn=27103018031&rh=n%3A11961464031%2Cn%3A27103018031%2Cn%3A12419318031%2Cn%3A1760367031%2Cn%3A1760425031&pd_rd_w=oLYnu&pf_rd_p=d3b80613-e7ce-4e91-8bb3-c0cbd5d9ed79&pf_rd_r=XJEKJMTTE4H628QX7YS1&pd_rd_r=b737b44b-4145-4e17-a8a8-a2d28e2c4d25&pd_rd_wg=USJrz
",amazon.de,
83,"amazon.de/Caterpillar-COLORADO-Kurzschaft-Stiefel-Schwarz/dp/B000OM1XWI?_encoding=UTF8&pd_rd_w=oLYnu&pf_rd_p=d3b80613-e7ce-4e91-8bb3-c0cbd5d9ed79&pf_rd_r=XJEKJMTTE4H628QX7YS1&pd_rd_r=b737b44b-4145-4e17-a8a8-a2d28e2c4d25&pd_rd_wg=USJrz&ref_=pd_gw_unk
",amazon.de,
84,"amazon.de/Timberland-Premium-Waterproof-C10061-Trekking-Wanderstiefel/dp/B000VX38A0?_encoding=UTF8&pd_rd_w=oLYnu&pf_rd_p=d3b80613-e7ce-4e91-8bb3-c0cbd5d9ed79&pf_rd_r=XJEKJMTTE4H628QX7YS1&pd_rd_r=b737b44b-4145-4e17-a8a8-a2d28e2c4d25&pd_rd_wg=USJrz&ref_=pd_gw_unk
",amazon.de,
85,"amazon.de/Clarks-Herren-Batcombe-Chelsea-Schwarz/dp/B07B3Z5183?_encoding=UTF8&pd_rd_w=oLYnu&pf_rd_p=d3b80613-e7ce-4e91-8bb3-c0cbd5d9ed79&pf_rd_r=XJEKJMTTE4H628QX7YS1&pd_rd_r=b737b44b-4145-4e17-a8a8-a2d28e2c4d25&pd_rd_wg=USJrz&ref_=pd_gw_unk
",amazon.de,
86,"amazon.de/Mil-Tec-Tactical-Boot-YKK-Zipper-Khaki/dp/B004LO0DEO?_encoding=UTF8&pd_rd_w=oLYnu&pf_rd_p=d3b80613-e7ce-4e91-8bb3-c0cbd5d9ed79&pf_rd_r=XJEKJMTTE4H628QX7YS1&pd_rd_r=b737b44b-4145-4e17-a8a8-a2d28e2c4d25&pd_rd_wg=USJrz&ref_=pd_gw_unk
",amazon.de,
87,"amazon.de/bugatti-Herren-321A0U313200-6100-Mode-Stiefel-Brown/dp/B08498D69S?_encoding=UTF8&pd_rd_w=oLYnu&pf_rd_p=d3b80613-e7ce-4e91-8bb3-c0cbd5d9ed79&pf_rd_r=XJEKJMTTE4H628QX7YS1&pd_rd_r=b737b44b-4145-4e17-a8a8-a2d28e2c4d25&pd_rd_wg=USJrz&ref_=pd_gw_unk
",amazon.de,
88,"amazon.de/bugatti-Herren-Sentra-Chelsea-Stiefel-Black/dp/B08WLT4VV3?_encoding=UTF8&pd_rd_w=oLYnu&pf_rd_p=d3b80613-e7ce-4e91-8bb3-c0cbd5d9ed79&pf_rd_r=XJEKJMTTE4H628QX7YS1&pd_rd_r=b737b44b-4145-4e17-a8a8-a2d28e2c4d25&pd_rd_wg=USJrz&ref_=pd_gw_unk
",amazon.de,
89,"amazon.de/Aigle-Unisex-Parcours-Gummistiefel-Unisex-Erwachsene/dp/B00A31MKD6?_encoding=UTF8&pd_rd_w=oLYnu&pf_rd_p=d3b80613-e7ce-4e91-8bb3-c0cbd5d9ed79&pf_rd_r=XJEKJMTTE4H628QX7YS1&pd_rd_r=b737b44b-4145-4e17-a8a8-a2d28e2c4d25&pd_rd_wg=USJrz&ref_=pd_gw_unk
",amazon.de,
90,"amazon.de/blackfriday?deals-widget=%257B%2522presetId%2522:%2522deals-collection-computers-and-software%2522%257D
",amazon.de,
91,"amazon.de/blackfriday?deals-widget=%257B%2522presetId%2522:%2522deals-collection-kitchen-home-and-furniture%2522%257D
",amazon.de,
92,"amazon.de/blackfriday?deals-widget=%257B%2522presetId%2522:%2522deals-collection-tv-and-films%2522%257D
",amazon.de,
93,"amazon.de/blackfriday?deals-widget=%257B%2522presetId%2522:%2522deals-collection-diy-and-garden%2522%257D
",amazon.de,
94,"amazon.de/blackfriday
",amazon.de,
95,"amazon.de/gp/angebote?ref_=nav_cs_gb_c869dbce88784497bfc3906e5456094e&deals-widget=%257B%2522version%2522%253A1%252C%2522viewIndex%2522%253A0%252C%2522presetId%2522%253A%2522deals-collection-all-deals%2522%252C%2522departments%2522%253A%255B%252216435051%2522%255D%252C%2522sorting%2522%253A%2522BY_SCORE%2522%257D
",amazon.de,
96,"amazon.de/gp/angebote?ref_=nav_cs_gb_c869dbce88784497bfc3906e5456094e&deals-widget=%257B%2522version%2522%253A1%252C%2522viewIndex%2522%253A0%252C%2522presetId%2522%253A%2522deals-collection-all-deals%2522%252C%2522departments%2522%253A%255B%252216435051%2522%255D%252C%2522sorting%2522%253A%2522BY_SCORE%2522%257D
",amazon.de,
97,"amazon.de/gcx/-/gfhz/?categoryId=xmas-secret-santa
",amazon.de,
98,"amazon.de/gcx/-/gfhz/?categoryId=xmas-advent-calendar
",amazon.de,
99,"amazon.de/gcx/-/gfhz/?categoryId=xmas-decorations
",amazon.de,
100,"amazon.de/gcx/-/gfhz/?categoryId=xmas-festive-looks
",amazon.de,
101,"amazon.de/gcx/Geschenke-f%C3%BCr-Erwachsene/gfhz/
",amazon.de,
102,"amazon.de/gp/browse.html?node=22963966031&ref_=gw_de_desk_other_fc_vicc_owlctocti_ebfd21
",amazon.de,
103,"amazon.de/gp/browse.html?node=22963966031&ref_=gw_de_desk_other_fc_vicc_owlctocti_ebfd21_seemore
",amazon.de,
104,"amazon.de/b?ie=UTF8&node=22914177031
",amazon.de,
105,"amazon.de/s?bbn=1981298031&rh=n%3A77028031%2Cn%3A%2178689031%2Cn%3A1981298031%2Cp_n_specials_match%3A21618183031
",amazon.de,
106,"amazon.de/s?bbn=1760367031&rh=n%3A355006011%2Cn%3A%21361139011%2Cn%3A1760296031%2Cn%3A1760367031%2Cp_n_specials_match%3A21618183031
",amazon.de,
107,"amazon.de/s?bbn=10084739031&rh=n%3A193707031%2Cn%3A%21193708031%2Cn%3A10084739031%2Cp_n_specials_match%3A21618183031
",amazon.de,
108,"amazon.de/s?i=clothing&bbn=1981298031&rh=n%3A77028031%2Cn%3A1981298031%2Cn%3A1981400031%2Cp_n_specials_match%3A21618183031
",amazon.de,
109,"amazon.de/en/s?bbn=1981299031&rh=n%3A77028031%2Cn%3A%2178689031%2Cn%3A1981298031%2Cn%3A1981299031%2Cp_n_specials_match%3A21618183031
",amazon.de,
110,"amazon.de/s?i=luggage&bbn=2454119031&rh=n%3A2454118031%2Cn%3A2644572031%2Cp_n_specials_match%3A21618183031
",amazon.de,
111,"amazon.de/s?i=luggage&bbn=2454119031&rh=n%3A2454118031%2Cn%3A2699167031%2Cp_n_specials_match%3A21618183031
",amazon.de,
112,"amazon.de/s?bbn=1981125031&rh=n%3A77028031%2Cn%3A%2178689031%2Cn%3A1981125031%2Cp_n_specials_match%3A21618183031
",amazon.de,
113,"amazon.de/s?bbn=1760427031&rh=n%3A355006011%2Cn%3A%21361139011%2Cn%3A1760296031%2Cn%3A1760427031%2Cp_n_specials_match%3A21618183031
",amazon.de,
114,"https://www.amazon.de/amazonfutureengineer
",amazon.de,
115,"amazon.de/b/ref=aldegwgv?node=26191756031&pd_rd_w=rtoe0&pf_rd_p=2d936395-683d-49fc-9761-b12ba1239a46&pf_rd_r=XJEKJMTTE4H628QX7YS1&pd_rd_r=b737b44b-4145-4e17-a8a8-a2d28e2c4d25&pd_rd_wg=USJrz
",amazon.de,
116,"amazon.de/Lamicall-Handyhalterung-Fahrrad-Handyhalter-Motorrad-Schwarz/dp/B083FDJ9B9?_encoding=UTF8&pd_rd_w=rtoe0&pf_rd_p=2d936395-683d-49fc-9761-b12ba1239a46&pf_rd_r=XJEKJMTTE4H628QX7YS1&pd_rd_r=b737b44b-4145-4e17-a8a8-a2d28e2c4d25&pd_rd_wg=USJrz&ref_=pd_gw_unk
",amazon.de,
117,"amazon.de/WiFi-Projektor-ELEPHAS-WiFi-Mini-Projektor-Synchronisierungsbildschirm-Bildschirm/dp/B08DQWH2TQ?_encoding=UTF8&pd_rd_w=rtoe0&pf_rd_p=2d936395-683d-49fc-9761-b12ba1239a46&pf_rd_r=XJEKJMTTE4H628QX7YS1&pd_rd_r=b737b44b-4145-4e17-a8a8-a2d28e2c4d25&pd_rd_wg=USJrz&ref_=pd_gw_unk
",amazon.de,
118,"amazon.de/Lamicall-Handy-Autohalterung-Auto-Halterung-Schwarz/dp/B07GQGX855?_encoding=UTF8&pd_rd_w=rtoe0&pf_rd_p=2d936395-683d-49fc-9761-b12ba1239a46&pf_rd_r=XJEKJMTTE4H628QX7YS1&pd_rd_r=b737b44b-4145-4e17-a8a8-a2d28e2c4d25&pd_rd_wg=USJrz&ref_=pd_gw_unk
",amazon.de,
119,"amazon.de/Dodow-Einschlafhilfe-Benutzer-Schlafen-Schneller/dp/B00ZFOB4BK?_encoding=UTF8&pd_rd_w=rtoe0&pf_rd_p=2d936395-683d-49fc-9761-b12ba1239a46&pf_rd_r=XJEKJMTTE4H628QX7YS1&pd_rd_r=b737b44b-4145-4e17-a8a8-a2d28e2c4d25&pd_rd_wg=USJrz&ref_=pd_gw_unk
",amazon.de,
120,"amazon.de/nonda-USB-C-auf-USB-Adapter-Thunderbolt-USB-Buchse-Typ-C-Ger%C3%A4te-Grau-2-St%C3%BCck/dp/B07XYTHCXV?_encoding=UTF8&pd_rd_w=rtoe0&pf_rd_p=2d936395-683d-49fc-9761-b12ba1239a46&pf_rd_r=XJEKJMTTE4H628QX7YS1&pd_rd_r=b737b44b-4145-4e17-a8a8-a2d28e2c4d25&pd_rd_wg=USJrz&ref_=pd_gw_unk
",amazon.de,
121,"amazon.de/Lamicall-Handy-Halter-Schwanenhals-Halterung-Schwarz/dp/B07S8G38J6?_encoding=UTF8&pd_rd_w=rtoe0&pf_rd_p=2d936395-683d-49fc-9761-b12ba1239a46&pf_rd_r=XJEKJMTTE4H628QX7YS1&pd_rd_r=b737b44b-4145-4e17-a8a8-a2d28e2c4d25&pd_rd_wg=USJrz&ref_=pd_gw_unk
",amazon.de,
122,"amazon.de/Divoom-LED-Licht-Digitaler-App-gesteuertem-Schwarz/dp/B07HHXWN3C?_encoding=UTF8&pd_rd_w=rtoe0&pf_rd_p=2d936395-683d-49fc-9761-b12ba1239a46&pf_rd_r=XJEKJMTTE4H628QX7YS1&pd_rd_r=b737b44b-4145-4e17-a8a8-a2d28e2c4d25&pd_rd_wg=USJrz&ref_=pd_gw_unk
",amazon.de,
123,"amazon.de/s?i=fashion&bbn=20056746031&rh=n%3A11961464031%2Cn%3A20056746031%2Cn%3A12419317031%2Cn%3A1760304031%2Cn%3A1760365031&rw_html_to_wsrp=1
",amazon.de,
124,"amazon.de/s?i=fashion&bbn=20056746031&rh=n%3A11961464031%2Cn%3A20056746031%2Cn%3A12419317031%2Cn%3A1760304031%2Cn%3A17507763031&rw_html_to_wsrp=1
",amazon.de,
125,"amazon.de/s?i=fashion&bbn=20056746031&rh=n%3A11961464031%2Cn%3A20056746031%2Cn%3A12419317031%2Cn%3A10459505031
",amazon.de,
126,"amazon.de/s?i=fashion&bbn=20056746031&rh=n%3A11961464031%2Cn%3A20056746031%2Cn%3A12419317031%2Cn%3A10084749031
",amazon.de,
127,"amazon.de/b?node=20056748031
",amazon.de,
128,"amazon.de/b/ref=aldegwhc?node=26191756031
",amazon.de,
129,"amazon.de/b/ref=aldegwhc?node=26191768031
",amazon.de,
130,"amazon.de/b/ref=aldegwhc?node=26191775031
",amazon.de,
131,"amazon.de/b/ref=aldegwhc?node=26191781031
",amazon.de,
132,"amazon.de/b/ref=aldegwhc?node=9418395031
",amazon.de,
133,"amazon.de/gcx/-/gfhz/?categoryId=xmas-top-toys
",amazon.de,
134,"amazon.de/gcx/Food-and-Drinks/gfhz/?categoryId=xmas-food-drinks
",amazon.de,
135,"amazon.de/gcx/Gift-Cards/gfhz/category?categoryId=gift-cards
",amazon.de,
136,"amazon.de/gcx/-/gfhz/events/?categoryId=xmas-smb
",amazon.de,
137,"amazon.de/gcx/Geschenke-f%C3%BCr-Erwachsene/gfhz/
",amazon.de,
138,"amazon.de/b?node=10733126031&ie=UTF8&ref=ev_hnd_08
",amazon.de,
139,"amazon.de/b?node=10733123031&ref=ev_hnd_08
",amazon.de,
140,"amazon.de/b?node=10733073031&ie=UTF8&ref=ev_hnd_08
",amazon.de,
141,"amazon.de/b?node=10733080031&ie=UTF8&ref=ev_hnd_08
",amazon.de,
142,"amazon.de/b/ref=ev_hnd_08?node=9699311031
",amazon.de,
143,"amazon.de/b/ref=aldegwgv?node=26191768031&pd_rd_w=rA5nF&pf_rd_p=9a8f5fec-88a4-4ef9-a43e-c62ceb1c27a6&pf_rd_r=XJEKJMTTE4H628QX7YS1&pd_rd_r=b737b44b-4145-4e17-a8a8-a2d28e2c4d25&pd_rd_wg=USJrz
",amazon.de,
144,"amazon.de/Nanoleaf-Shapes-Triangles-Starter-Kit/dp/B08P1ZCGM1?_encoding=UTF8&pd_rd_w=rA5nF&pf_rd_p=9a8f5fec-88a4-4ef9-a43e-c62ceb1c27a6&pf_rd_r=XJEKJMTTE4H628QX7YS1&pd_rd_r=b737b44b-4145-4e17-a8a8-a2d28e2c4d25&pd_rd_wg=USJrz&ref_=pd_gw_unk
",amazon.de,
145,"amazon.de/SONNENGLAS%C2%AE-Solar-Laterne-Einmachglas-Micro-USB-Solarlampe/dp/B00BDPTNB8?_encoding=UTF8&pd_rd_w=rA5nF&pf_rd_p=9a8f5fec-88a4-4ef9-a43e-c62ceb1c27a6&pf_rd_r=XJEKJMTTE4H628QX7YS1&pd_rd_r=b737b44b-4145-4e17-a8a8-a2d28e2c4d25&pd_rd_wg=USJrz&ref_=pd_gw_unk
",amazon.de,
146,"amazon.de/PuTwo-auslaufsicher-Fassungsverm%C3%B6gen-Bento-Besteckset/dp/B06XKWRKNP?_encoding=UTF8&pd_rd_w=rA5nF&pf_rd_p=9a8f5fec-88a4-4ef9-a43e-c62ceb1c27a6&pf_rd_r=XJEKJMTTE4H628QX7YS1&pd_rd_r=b737b44b-4145-4e17-a8a8-a2d28e2c4d25&pd_rd_wg=USJrz&ref_=pd_gw_unk
",amazon.de,
147,"amazon.de/Jol%C3%ADe-Muse-Aufbewahrungskorb-recyclebarem-Aufbewahrungsboxen/dp/B07QL5BT3F?_encoding=UTF8&pd_rd_w=rA5nF&pf_rd_p=9a8f5fec-88a4-4ef9-a43e-c62ceb1c27a6&pf_rd_r=XJEKJMTTE4H628QX7YS1&pd_rd_r=b737b44b-4145-4e17-a8a8-a2d28e2c4d25&pd_rd_wg=USJrz&ref_=pd_gw_unk
",amazon.de,
148,"amazon.de/nanoleaf-Light-Panels-Rhythm-Starter/dp/B075DHJ6JW?_encoding=UTF8&pd_rd_w=rA5nF&pf_rd_p=9a8f5fec-88a4-4ef9-a43e-c62ceb1c27a6&pf_rd_r=XJEKJMTTE4H628QX7YS1&pd_rd_r=b737b44b-4145-4e17-a8a8-a2d28e2c4d25&pd_rd_wg=USJrz&ref_=pd_gw_unk
",amazon.de,
149,"amazon.de/Pixoo-Max-Mehrzweck-Bilderrahmen-Programmierbares-Fensterschild/dp/B08D2Z2N87?_encoding=UTF8&pd_rd_w=rA5nF&pf_rd_p=9a8f5fec-88a4-4ef9-a43e-c62ceb1c27a6&pf_rd_r=XJEKJMTTE4H628QX7YS1&pd_rd_r=b737b44b-4145-4e17-a8a8-a2d28e2c4d25&pd_rd_wg=USJrz&ref_=pd_gw_unk
",amazon.de,
150,"amazon.de/Bebamour-Babyschlafsack-Nights-Schlafsack-Blanket/dp/B07JGPB7K3?_encoding=UTF8&pd_rd_w=rA5nF&pf_rd_p=9a8f5fec-88a4-4ef9-a43e-c62ceb1c27a6&pf_rd_r=XJEKJMTTE4H628QX7YS1&pd_rd_r=b737b44b-4145-4e17-a8a8-a2d28e2c4d25&pd_rd_wg=USJrz&ref_=pd_gw_unk
",amazon.de,
151,"amazon.de/b/ref=ev_hnd_08?node=14133651031&pd_rd_w=1Dz6T&pf_rd_p=a08d57d9-b130-452f-ab1c-0237836974ca&pf_rd_r=XJEKJMTTE4H628QX7YS1&pd_rd_r=b737b44b-4145-4e17-a8a8-a2d28e2c4d25&pd_rd_wg=USJrz
",amazon.de,
152,"amazon.de/Wanddeko-Hirschkopf-vergoldet-mit-Blattmessing/dp/B07Z5G3DJM?_encoding=UTF8&pd_rd_w=1Dz6T&pf_rd_p=a08d57d9-b130-452f-ab1c-0237836974ca&pf_rd_r=XJEKJMTTE4H628QX7YS1&pd_rd_r=b737b44b-4145-4e17-a8a8-a2d28e2c4d25&pd_rd_wg=USJrz&ref_=pd_gw_unk
",amazon.de,
153,"amazon.de/Holzsterne-Zirbenholz-handgefertigt-Holzdekoration-naturbelassen/dp/B01MPY34NW?_encoding=UTF8&pd_rd_w=1Dz6T&pf_rd_p=a08d57d9-b130-452f-ab1c-0237836974ca&pf_rd_r=XJEKJMTTE4H628QX7YS1&pd_rd_r=b737b44b-4145-4e17-a8a8-a2d28e2c4d25&pd_rd_wg=USJrz&ref_=pd_gw_unk
",amazon.de,
154,"amazon.de/Weinflaschen-Windlicht-Rustikal-3er-Pack/dp/B07PDZH3XT?_encoding=UTF8&pd_rd_w=1Dz6T&pf_rd_p=a08d57d9-b130-452f-ab1c-0237836974ca&pf_rd_r=XJEKJMTTE4H628QX7YS1&pd_rd_r=b737b44b-4145-4e17-a8a8-a2d28e2c4d25&pd_rd_wg=USJrz&ref_=pd_gw_unk
",amazon.de,
155,"amazon.de/Blumenvase-Holz-Glas-kleine-Holzvase/dp/B06X9RL34J?_encoding=UTF8&pd_rd_w=1Dz6T&pf_rd_p=a08d57d9-b130-452f-ab1c-0237836974ca&pf_rd_r=XJEKJMTTE4H628QX7YS1&pd_rd_r=b737b44b-4145-4e17-a8a8-a2d28e2c4d25&pd_rd_wg=USJrz&ref_=pd_gw_unk
",amazon.de,
156,"amazon.de/Dekoflasche-mit-Beleuchtung-Leuchtflasche-Flaschenlicht/dp/B07PF568TG?_encoding=UTF8&pd_rd_w=1Dz6T&pf_rd_p=a08d57d9-b130-452f-ab1c-0237836974ca&pf_rd_r=XJEKJMTTE4H628QX7YS1&pd_rd_r=b737b44b-4145-4e17-a8a8-a2d28e2c4d25&pd_rd_wg=USJrz&ref_=pd_gw_unk
",amazon.de,
157,"amazon.de/H%C3%B6lzerner-Flaschenhalter-Flaschenregal-Weihnachtsgeschenk-Weihnachtselch/dp/B0756NK8YZ?_encoding=UTF8&pd_rd_w=1Dz6T&pf_rd_p=a08d57d9-b130-452f-ab1c-0237836974ca&pf_rd_r=XJEKJMTTE4H628QX7YS1&pd_rd_r=b737b44b-4145-4e17-a8a8-a2d28e2c4d25&pd_rd_wg=USJrz&ref_=pd_gw_unk
",amazon.de,
158,"amazon.de/Lichtschale-silber-Geburtstagsgeschenk-Einzigartiges-Muttertagsgeschenk/dp/B07JYSM5H8?_encoding=UTF8&pd_rd_w=1Dz6T&pf_rd_p=a08d57d9-b130-452f-ab1c-0237836974ca&pf_rd_r=XJEKJMTTE4H628QX7YS1&pd_rd_r=b737b44b-4145-4e17-a8a8-a2d28e2c4d25&pd_rd_wg=USJrz&ref_=pd_gw_unk
",amazon.de,
159,"amazon.de/b/?node=343464011
",amazon.de,
160,"amazon.de/b/?node=2864212031
",amazon.de,
161,"amazon.de/b/?node=2871860031
",amazon.de,
162,"amazon.de/b/?node=343488011
",amazon.de,
163,"amazon.de/b/?node=3517801
",amazon.de,
164,"amazon.de/b/ref=ev_hnd_08?node=14133654031
",amazon.de,
165,"amazon.de/b/ref=ev_hnd_08?node=16184694031
",amazon.de,
166,"amazon.de/b/ref=ev_hnd_08?node=19403108031
",amazon.de,
167,"amazon.de/b/ref=ev_hnd_08?node=14133655031
",amazon.de,
168,"amazon.de/b/ref=ev_hnd_08?node=14133638031
",amazon.de,
169,"amazon.de/Yankee-Candle-Classic-Glaskerze-Christmas/dp/B06XFS8NFB?_encoding=UTF8&pd_rd_w=HFBI5&pf_rd_p=833f4b32-22df-4a65-8479-27a2f4402af0&pf_rd_r=XJEKJMTTE4H628QX7YS1&pd_rd_r=b737b44b-4145-4e17-a8a8-a2d28e2c4d25&pd_rd_wg=USJrz&ref_=pd_gw_test_test
",amazon.de,
170,"amazon.de/LED-Glaskugel-3er-Set-batteriebetrieben/dp/B082H46K44?_encoding=UTF8&pd_rd_w=HFBI5&pf_rd_p=833f4b32-22df-4a65-8479-27a2f4402af0&pf_rd_r=XJEKJMTTE4H628QX7YS1&pd_rd_r=b737b44b-4145-4e17-a8a8-a2d28e2c4d25&pd_rd_wg=USJrz&ref_=pd_gw_test_test
",amazon.de,
171,"amazon.de/GoMaihe-Teelichthalter-Kerzenleuchter-Weihnachtsdeko-Adventskerzenhalter/dp/B086TW4VQC?_encoding=UTF8&pd_rd_w=HFBI5&pf_rd_p=833f4b32-22df-4a65-8479-27a2f4402af0&pf_rd_r=XJEKJMTTE4H628QX7YS1&pd_rd_r=b737b44b-4145-4e17-a8a8-a2d28e2c4d25&pd_rd_wg=USJrz&ref_=pd_gw_test_test
",amazon.de,
172,"amazon.de/Metallanh%C3%A4nger-Weihnachtsartikel-Tannenbaum-Form-Weihnachtsdekoration-Weihnachtsbaum/dp/B001QVBZSS?_encoding=UTF8&pd_rd_w=HFBI5&pf_rd_p=833f4b32-22df-4a65-8479-27a2f4402af0&pf_rd_r=XJEKJMTTE4H628QX7YS1&pd_rd_r=b737b44b-4145-4e17-a8a8-a2d28e2c4d25&pd_rd_wg=USJrz&ref_=pd_gw_test_test
",amazon.de,
173,"amazon.de/gcx/-/gfhz/?_encoding=UTF8&categoryId=xmas-decorations&pd_rd_w=HFBI5&pf_rd_p=833f4b32-22df-4a65-8479-27a2f4402af0&pf_rd_r=XJEKJMTTE4H628QX7YS1&pd_rd_r=b737b44b-4145-4e17-a8a8-a2d28e2c4d25&pd_rd_wg=USJrz&ref_=pd_gw_test_test
",amazon.de,
174,"amazon.de/s?bbn=1981298031&rh=n%3A77028031%2Cn%3A%2178689031%2Cn%3A1981298031%2Cp_n_specials_match%3A21618183031
",amazon.de,
175,"amazon.de/s?bbn=1760367031&rh=n%3A355006011%2Cn%3A%21361139011%2Cn%3A1760296031%2Cn%3A1760367031%2Cp_n_specials_match%3A21618183031
",amazon.de,
176,"amazon.de/s?i=luggage&bbn=2644572031&rh=n%3A2454118031%2Cn%3A2644572031%2Cn%3A11971730031%2Cp_n_specials_match%3A21618183031
",amazon.de,
177,"amazon.de/s?bbn=10084739031&rh=n%3A193707031%2Cn%3A%21193708031%2Cn%3A10084739031%2Cp_n_specials_match%3A21618183031
",amazon.de,
178,"amazon.de/b?node=22914177031
",amazon.de,
179,"amazon.de/Adventskalender-2020-Schokolade-Weihnachtskalender-346g/dp/B08CTTP5JX?_encoding=UTF8&pd_rd_w=NM82T&pf_rd_p=c832d309-197e-4c59-8cad-735a8deab917&pf_rd_r=XJEKJMTTE4H628QX7YS1&pd_rd_r=b737b44b-4145-4e17-a8a8-a2d28e2c4d25&pd_rd_wg=USJrz&ref_=pd_gw_crs_zg_bs_340846031
",amazon.de,
180,"amazon.de/Niederegger-Adventskalender-Winter-Klassiker-modernes-Marzipan/dp/B07T2662WK?_encoding=UTF8&pd_rd_w=NM82T&pf_rd_p=c832d309-197e-4c59-8cad-735a8deab917&pf_rd_r=XJEKJMTTE4H628QX7YS1&pd_rd_r=b737b44b-4145-4e17-a8a8-a2d28e2c4d25&pd_rd_wg=USJrz&ref_=pd_gw_crs_zg_bs_340846031
",amazon.de,
181,"amazon.de/Pukka-Wohlf%C3%BChl-Adventskalender-Tradition-Teeliebhaber/dp/B0972RJ27F?_encoding=UTF8&pd_rd_w=NM82T&pf_rd_p=c832d309-197e-4c59-8cad-735a8deab917&pf_rd_r=XJEKJMTTE4H628QX7YS1&pd_rd_r=b737b44b-4145-4e17-a8a8-a2d28e2c4d25&pd_rd_wg=USJrz&ref_=pd_gw_crs_zg_bs_340846031
",amazon.de,
182,"amazon.de/Pringles-Chips-Adventskalender-T%C3%9CRKIS-1-12-kg/dp/B098V9VXXG?_encoding=UTF8&pd_rd_w=NM82T&pf_rd_p=c832d309-197e-4c59-8cad-735a8deab917&pf_rd_r=XJEKJMTTE4H628QX7YS1&pd_rd_r=b737b44b-4145-4e17-a8a8-a2d28e2c4d25&pd_rd_wg=USJrz&ref_=pd_gw_crs_zg_bs_340846031
",amazon.de,
183,"amazon.de/Dr-Oetker-Knusper-H%C3%A4uschen-Pack/dp/B0069LL0ZS?_encoding=UTF8&pd_rd_w=NM82T&pf_rd_p=c832d309-197e-4c59-8cad-735a8deab917&pf_rd_r=XJEKJMTTE4H628QX7YS1&pd_rd_r=b737b44b-4145-4e17-a8a8-a2d28e2c4d25&pd_rd_wg=USJrz&ref_=pd_gw_crs_zg_bs_340846031
",amazon.de,
184,"amazon.de/Pringles-Chips-Adventskalender-ROT-1-12-kg/dp/B098V9VXXH?_encoding=UTF8&pd_rd_w=NM82T&pf_rd_p=c832d309-197e-4c59-8cad-735a8deab917&pf_rd_r=XJEKJMTTE4H628QX7YS1&pd_rd_r=b737b44b-4145-4e17-a8a8-a2d28e2c4d25&pd_rd_wg=USJrz&ref_=pd_gw_crs_zg_bs_340846031
",amazon.de,
185,"amazon.de/Lindt-Spr%C3%BCngli-Hello-Adventskalender-230/dp/B00EALN37W?_encoding=UTF8&pd_rd_w=NM82T&pf_rd_p=c832d309-197e-4c59-8cad-735a8deab917&pf_rd_r=XJEKJMTTE4H628QX7YS1&pd_rd_r=b737b44b-4145-4e17-a8a8-a2d28e2c4d25&pd_rd_wg=USJrz&ref_=pd_gw_crs_zg_bs_340846031
",amazon.de,
186,"amazon.de/gp/browse.html?node=202588011&ref_=footer_careers
",amazon.de,
187,"https://amazon-presse.de/
",,
188,"https://www.aboutamazon.de/?utm_source=gateway&utm_medium=footer
",amazon.de,
189,"https://blog.aboutamazon.de/
",amazon.de,
190,"https://nachhaltigkeit.aboutamazon.de/?utm_source=gateway&utm_medium=footer&ref_=susty_footer
",amazon.de,
191,"http://www.amazon-logistikblog.de/
","Amazon.com, Inc.",
192,"amazon.de/gp/browse.html?node=505050&ref_=footer_nav_legal
",amazon.de,
193,"amazon.de/about/ref=footer_smi_se_ft_abt_saas
",amazon.de,
194,"https://services.amazon.de/sell.html?ld=AZDESOAFooter&ref_=sdde_soa
",amazon.de,
195,"https://services.amazon.de/programme/b2b-verkaufen/merkmale-und-vorteile.html?ld=AZDEB2BRetailFooter
",amazon.de,
196,"https://services.amazon.de/handmade.htm?ld=AZDEHNDFooter
",amazon.de,
197,"https://partnernet.amazon.de
",amazon.de,
198,"https://services.amazon.de/programme/versand-durch-amazon/merkmale-und-vorteile/?ld=AZDEFBAFooter
",amazon.de,
199,"https://services.amazon.de/programme/primedurchverkaeufer/funktionen-und-vorteile.html/?ld=AZDESFPFooter
",amazon.de,
200,"https://advertising.amazon.de/products-self-serve?ref_=ext_amzn_ftr
",amazon.de,
201,"https://kdp.amazon.com/?language=de_DE
",amazon.com,
202,"https://pay.amazon.com/de?ld=AWREDEAPAFooter
",amazon.com,
203,"https://www.amazon.de/b?node=11498162031
",amazon.de,
204,"amazon.de/b/?node=17751873031
",amazon.de,
205,"amazon.de/gp/browse.html?node=15426871031&ref_=footer_swp
",amazon.de,
206,"amazon.de/dp/B08HYJ6K1J?plattr=ACOMFO&ie=UTF-8&ref_=b2b_sow_sbcc_de_acom_omp_na_footer_nca_202104
",amazon.de,
207,"amazon.de/gp/browse.html?node=459632031&ref_=footer_moneystore
",amazon.de,
208,"amazon.de/gp/browse.html?node=1571256031&ref_=footer_giftcards
",amazon.de,
209,"amazon.de/gp/browse.html?node=16263741031&ref_=footer_rechnung
",amazon.de,
210,"amazon.de/gp/help/customer/display.html?nodeId=504928&ref_=footer_bankeinzug
",amazon.de,
211,"amazon.de/gp/help/customer/display.html?nodeId=200219670&ref_=footer_tfx
",amazon.de,
212,"amazon.de/gp/gc/create?ref_=footer_topup_de
",amazon.de,
213,"amazon.de/gp/browse.html?node=13847036031&ref_=footer_purchase_code
",amazon.de,
214,"amazon.de/gp/help/customer/display.html?nodeId=GDFU3JS5AL6SYHRD&ref_=footer_covid
",amazon.de,
215,"amazon.de/gp/css/order-history?ref_=footer_hp_ss_comp_tmp
",amazon.de,
216,"amazon.de/gp/help/customer/display.html?nodeId=504938&ref_=footer_shiprates
",amazon.de,
217,"amazon.de/gp/subs/primeclub/signup/main.html?ref_=footer_prime
",amazon.de,
218,"amazon.de/gp/css/returns/homepage.html?ref_=footer_hy_f_4
",amazon.de,
219,"amazon.de/gp/browse.html?node=22380219031&ref_=footer_disposal
",amazon.de,
220,"amazon.de/hz/mycd/myx?ref_=footer_myk
",amazon.de,
221,"amazon.de/gp/browse.html?node=4951330031&ref_=footer_mobapp
",amazon.de,
222,"amazon.de/gp/BIT/ref=footer_bit_v2_e0002?bitCampaignCode=e0002
",amazon.de,
223,"amazon.de/gp/help/customer/display.html?nodeId=504874&ref_=footer_gw_m_b_cs
",amazon.de,
224,"amazon.de/ref=footer_logo
",amazon.de,
225,"amazon.de/gp/customer-preferences/select-language/ref=footer_lang?ie=UTF8&preferencesReturnUrl=%2F
",amazon.de,
226,"amazon.de/gp/navigation-country/select-country/ref=footer_icp_cp?ie=UTF8&preferencesReturnUrl=%2F
",amazon.de,
227,"https://advertising.amazon.de/?ref=footer_advtsing_2_de
",amazon.de,
228,"https://music.amazon.de?ref=dm_aff_amz_de
",amazon.de,
229,"https://www.abebooks.de
",,tp.e326df4b6-frontier.abebooks.de.
230,"https://aws.amazon.com/de/?sc_channel=el&sc_campaign=deamazonfooter&sc_publisher=de_amazon&sc_medium=footer&sc_content=&sc_category=AWS_cloud_computing&TRK=EL_de_amazon_footer
",amazon.com,
231,"https://www.audible.de
",,tp.4b835caac-frontier.audible.de.
232,"https://www.audible.de
",,tp.4b835caac-frontier.audible.de.
233,"https://www.bookdepository.com/
",,tp.21ca3455c-frontier.bookdepository.com.
234,"https://www.imdb.com/
",,tp.391b988c0-frontier.imdb.com.
235,"https://kdp.amazon.com/de_DE/
",amazon.com,
236,"https://www.shopbop.com/de/welcome
",,tp.248578a95-frontier.shopbop.com.
237,"amazon.de/gp/browse.html?node=3581963031&ref_=footer_wrhsdls
",amazon.de,
238,"https://www.zvab.com/index.do?ref=amazon&utm_medium=referral&utm_source=amazon.de
",,tp.4fd9cb351-frontier.zvab.com.
239,"amazon.de/gp/browse.html?node=14154536031&ref_=nav_footer_business
",amazon.de,
240,"amazon.de/amazonsecondchance?ref_=footer_asc
",amazon.de,
241,"amazon.de/gp/help/customer/display.html?nodeId=201909000&ref_=footer_cou
",amazon.de,
242,"amazon.de/gp/help/customer/display.html?nodeId=201909010&ref_=footer_privacy
",amazon.de,
243,"amazon.de/gp/help/customer/display.html?nodeId=202024860&ref_=footer_impressum
",amazon.de,
244,"amazon.de/gp/help/customer/display.html?nodeId=201890250&ref_=footer_cookies_notice
",amazon.de,
245,"amazon.de/gp/help/customer/display.html?nodeId=201909150&ref_=footer_Interest_Based_Ads_Notice
",amazon.de,
246,"www.ebay-kleinanzeigen.de
",www.ebay-kleinanzeigen.de,
247,"https://www.ebay.de
",ebay.de,
248,"https://www.ebay.de/sch/ebayadvsearch
",ebay.de,
249,"https://signin.ebay.de/ws/eBayISAPI.dll?SignIn&_trksid=m570.l3348
",ebay.de,
250,"https://www.ebay.de/ebayplus/home
",ebay.de,
251,"https://www.ebay.de/deals
",ebay.de,
252,"https://www.ebay.de/vlp2/brand-outlet
",ebay.de,
253,"https://ocsnext.ebay.de/ocs/home
",ebay.de,
254,"https://www.ebay.de/b/Saisonale-aktionen/bn_7109749158
",ebay.de,
255,"https://www.ebay.de/sl/sell
",ebay.de,
256,"https://www.ebay.de/mye/myebay/watchlist
",ebay.de,
257,"https://signin.ebay.de/ws/eBayISAPI.dll?SignIn&ru=ru
",ebay.de,
258,"https://www.ebay.de/mys/home?source=GBH
",ebay.de,
259,"https://www.ebay.de/myb/Summary
",ebay.de,
260,"https://www.ebay.de/mye/myebay/rvi
",ebay.de,
261,"https://www.ebay.de/myb/BidsOffers
",ebay.de,
262,"https://www.ebay.de/mye/myebay/watchlist
",ebay.de,
263,"https://www.ebay.de/mye/myebay/purchase
",ebay.de,
264,"https://www.ebay.de/mys/home?CurrentPage=MyeBayAllSelling&ssPageName=STRK:ME:LNLK:MESX&source=GBH
",ebay.de,
265,"https://www.ebay.de/myb/SavedSearches
",ebay.de,
266,"https://www.ebay.de/myb/SavedSellers
",ebay.de,
267,"https://mesg.ebay.de/mesgweb/ViewMessages/0
",ebay.de,
268,"https://www.ebay.de/rewards
",ebay.de,
269,"https://cart.payments.ebay.de/sc/view
",ebay.de,
270,"ebay.de/feed
",ebay.de,
271,"https://www.ebay.de/b/Elektronik-Technik/bn_7000259853
",ebay.de,
272,"https://www.ebay.de/b/Handys-Smartphones/9355/bn_466745
",ebay.de,
273,"https://www.ebay.de/b/Handy-Zubehor/9394/bn_466523
",ebay.de,
274,"https://www.ebay.de/b/Computer-Tablets-Netzwerk/58058/bn_1845234
",ebay.de,
275,"https://www.ebay.de/b/Gaming/1249/bn_1844930
",ebay.de,
276,"https://www.ebay.de/b/Haushaltsgerate/20710/bn_1845072
",ebay.de,
277,"https://www.ebay.de/b/TV-Video-Audio/293/bn_1845125
",ebay.de,
278,"https://www.ebay.de/b/Fernseher/11071/bn_1844904
",ebay.de,
279,"https://www.ebay.de/b/Foto-Kamera/625/bn_1845124
",ebay.de,
280,"https://www.ebay.de/deals/elektronik
",ebay.de,
281,"https://www.ebay.de/b/B-Ware-Center/bn_7114979731
",ebay.de,
282,"https://www.ebay.de/b/Zertifiziert-generaluberholt/bn_7117617313
",ebay.de,
283,"https://www.ebay.de/b/Elektronik-Outlets/bn_7117173700
",ebay.de,
284,"https://www.ebay.de/b/Elektronik-Markenwelt/bn_7115220216
",ebay.de,
285,"https://www.ebay.de/b/Laptops-Notebooks/175672/bn_1618754
",ebay.de,
286,"https://www.ebay.de/b/Heim-Audio-HiFi-Gerate/14969/bn_1844960
",ebay.de,
287,"https://www.ebay.de/b/Kaffee-Tee-Espressomaschinen/38250/bn_1845176
",ebay.de,
288,"https://www.ebay.de/b/Motors/bn_7001214406
",ebay.de,
289,"https://www.ebay.de/b/Auto-Ersatz-Reparaturteile/9884/bn_873182
",ebay.de,
290,"https://www.ebay.de/b/Autoreifen-Felgen-Zubehor/14770/bn_1844955
",ebay.de,
291,"https://www.ebay.de/b/Kraftfahrzeug-Ole-Pflege-Schmiermittel/179487/bn_1618835
",ebay.de,
292,"https://www.ebay.de/b/Anbau-Zubehorteile-furs-Auto/82099/bn_874892
",ebay.de,
293,"https://www.ebay.de/b/Elektronik-GPS-Sicherheitstechnik-furs-Auto/38635/bn_886812
",ebay.de,
294,"https://www.ebay.de/b/Motorradteile/10063/bn_1844882
",ebay.de,
295,"https://www.ebay.de/b/Motorrad-Zubehor/25622/bn_1845088
",ebay.de,
296,"https://www.ebay.de/b/Kleidung-Schutzausrustung-Merchandise-fur-Motorrad-Motorsport/6747/bn_2391092
",ebay.de,
297,"https://www.ebay.de/g/mygarage
",ebay.de,
298,"https://pages.ebay.de/reifenauswahl/index.html
",ebay.de,
299,"https://www.ebay.de/b/Automobile/9801/bn_1845328
",ebay.de,
300,"https://www.ebay.de/b/Motorrader/9804/bn_1845329
",ebay.de,
301,"https://www.ebay.de/b/Haus-Garten/bn_7000259857
",ebay.de,
302,"https://www.ebay.de/b/Mobel/3197/bn_1618974
",ebay.de,
303,"https://www.ebay.de/b/Kuchenbedarf-Tischdeko/20625/bn_1845070
",ebay.de,
304,"https://www.ebay.de/b/Beleuchtung/20697/bn_818631
",ebay.de,
305,"https://www.ebay.de/b/Werkzeuge/631/bn_1845064
",ebay.de,
306,"https://www.ebay.de/b/Heimwerker-Installationen/30565/bn_1845135
",ebay.de,
307,"https://www.ebay.de/b/Heimwerker-Produkte-furs-Badezimmer/260625/bn_7117206216
",ebay.de,
308,"https://www.ebay.de/b/Gartenbauten-Sonnenschutzvorrichtungen/177017/bn_7204387
",ebay.de,
309,"https://www.ebay.de/b/Personalisierte-Produkte/bn_7117752189
",ebay.de,
310,"https://www.ebay.de/b/Dekoration/10033/bn_1844881
",ebay.de,
311,"https://www.ebay.de/b/Bettwasche-Matratzen/20444/bn_1845066
",ebay.de,
312,"https://www.ebay.de/b/Kuche/177073/bn_1845092
",ebay.de,
313,"https://www.ebay.de/b/Schwimmbecken-Saunen-Ausenwhirlpools/20727/bn_7204360
",ebay.de,
314,"https://www.ebay.de/b/Fenster-Turen-Treppen/180167/bn_1845031
",ebay.de,
315,"https://www.ebay.de/b/Gartenzaune-Sichtschutzwande/177032/bn_7204384
",ebay.de,
316,"https://www.ebay.de/b/Grills-Heizstrahler-Picknickzubehor/149242/bn_1844957
",ebay.de,
317,"https://www.ebay.de/b/Haus-Garten-Markenwelt/bn_7116356091
",ebay.de,
318,"https://www.ebay.de/b/Kleidung-Accessoires/11450/bn_1844911
",ebay.de,
319,"https://www.ebay.de/b/Damenmode/15724/bn_1618696
",ebay.de,
320,"https://www.ebay.de/b/Damenschuhe/3034/bn_785333
",ebay.de,
321,"https://www.ebay.de/b/Damentaschen/169291/bn_785406
",ebay.de,
322,"https://www.ebay.de/b/Herrenmode/1059/bn_688535
",ebay.de,
323,"https://www.ebay.de/b/Herrenschuhe/93427/bn_197467
",ebay.de,
324,"https://www.ebay.de/b/Kindermode/171146/bn_1618743
",ebay.de,
325,"https://www.ebay.de/b/Kleidung-Kostume-fur-besondere-Anlasse/260033/bn_7116416580
",ebay.de,
326,"https://www.ebay.de/b/Beauty-Gesundheit/26395/bn_1845105
",ebay.de,
327,"https://www.ebay.de/b/Uhren-Schmuck/281/bn_1845119
",ebay.de,
328,"https://www.ebay.de/vlp2/brand-outlet
",ebay.de,
329,"https://www.ebay.de/b/Sneaker-Trends/bn_7000694894
",ebay.de,
330,"https://www.ebay.de/b/Secondhand-Fashion-Welt/bn_7115160261
",ebay.de,
331,"https://www.ebay.de/b/Fashion-Must-haves/bn_7116102169
",ebay.de,
332,"https://www.ebay.de/b/Sammeln-Antiquitaten/bn_7000259666
",ebay.de,
333,"https://www.ebay.de/b/Munzen/11116/bn_1844905
",ebay.de,
334,"https://www.ebay.de/b/Porzellan-Keramik-Antiquitaten-Kunst/7499/bn_1845280
",ebay.de,
335,"https://www.ebay.de/b/Ansichtskarten-aus-Deutschland/33356/bn_2387538
",ebay.de,
336,"https://www.ebay.de/b/Kunst/550/bn_78212347
",ebay.de,
337,"https://www.ebay.de/b/Militaria/15502/bn_1844968
",ebay.de,
338,"https://www.ebay.de/b/Briefmarken/260/bn_1845099
",ebay.de,
339,"https://www.ebay.de/b/Antike-Mobel/7491/bn_1845279
",ebay.de,
340,"https://www.ebay.de/b/Rauchutensilien/9832/bn_1845333
",ebay.de,
341,"https://www.ebay.de/b/Reklame-Werbung-fur-Sammler/19823/bn_1845060
",ebay.de,
342,"https://www.ebay.de/b/Antiker-Schmuck/33131/bn_1845152
",ebay.de,
343,"https://www.ebay.de/b/Antiquitaten-Kunst-Objekte-aus-Silber-Versilbertes/19398/bn_1845053
",ebay.de,
344,"https://www.ebay.de/b/Antikes-Spielzeug/25684/bn_1845089
",ebay.de,
345,"https://www.ebay.de/b/Sammelkartenspiele-Trading-Card-Games-Zubehor/2536/bn_2392241
",ebay.de,
346,"https://www.ebay.de/b/Antiquarische-Bucher/29223/bn_1845273
",ebay.de,
347,"https://www.ebay.de/b/Glas-Kristall-Antiquitaten-Kunst/7478/bn_1845277
",ebay.de,
348,"https://www.ebay.de/b/Sportartikel/888/bn_1845308
",ebay.de,
349,"https://www.ebay.de/b/Fahrradausrustung/7294/bn_1678221
",ebay.de,
350,"https://www.ebay.de/b/Camping-Outdoor/16034/bn_1844975
",ebay.de,
351,"https://www.ebay.de/b/Fitness/15273/bn_1844966
",ebay.de,
352,"https://www.ebay.de/b/Bootsport-Artikel-Segelausrustung/1293/bn_1618663
",ebay.de,
353,"https://www.ebay.de/b/Angelausrustung/1492/bn_1844956
",ebay.de,
354,"https://www.ebay.de/b/Fusballausrustung/20862/bn_1844943
",ebay.de,
355,"https://www.ebay.de/b/Funsport/13368/bn_1844944
",ebay.de,
356,"https://www.ebay.de/b/Reitausrustung/3153/bn_1845282
",ebay.de,
357,"https://www.ebay.de/b/Fahrradteile-komponenten/57262/bn_1678192
",ebay.de,
358,"https://www.ebay.de/b/E-Bikes/74469/bn_1678224
",ebay.de,
359,"https://www.ebay.de/b/Elektro-Scooter/47349/bn_2394885
",ebay.de,
360,"https://www.ebay.de/b/Outdoor-Bekleidung/72891/bn_2394782
",ebay.de,
361,"https://www.ebay.de/b/Wellenreiten/77627/bn_2387004
",ebay.de,
362,"https://www.ebay.de/b/Krafttraining-Gewichte/28066/bn_2388051
",ebay.de,
363,"https://www.ebay.de/b/Jagdausrustung/7301/bn_1845271
",ebay.de,
364,"https://www.ebay.de/b/Business-Industrie/12576/bn_1844931
",ebay.de,
365,"https://www.ebay.de/b/Burobedarf-Schreibwaren/9815/bn_1845330
",ebay.de,
366,"https://www.ebay.de/b/Elektronik-Messtechnik/92074/bn_16577830
",ebay.de,
367,"https://www.ebay.de/b/Metallbearbeitung-Schlossereibedarf/11804/bn_1844919
",ebay.de,
368,"https://www.ebay.de/b/Agrar-Forst-Kommune/11748/bn_10870864
",ebay.de,
369,"https://www.ebay.de/b/Industriewerkzeuge-Werkstattbedarf/123099/bn_1844929
",ebay.de,
370,"https://www.ebay.de/b/Medizintechnik-Laborbedarf/11815/bn_1844920
",ebay.de,
371,"https://www.ebay.de/b/Baubedarf/11765/bn_1844918
",ebay.de,
372,"https://www.ebay.de/b/Personliche-Schutzausrustung/183970/bn_78212383
",ebay.de,
373,"https://www.ebay.de/b/Materialtransport-Fordertechnik/26221/bn_78212286
",ebay.de,
374,"https://www.ebay.de/b/Automation-Antriebe-Motoren/42892/bn_16577341
",ebay.de,
375,"https://www.ebay.de/b/Gewerbliche-Verpackungen-Versandartikel/19273/bn_1845050
",ebay.de,
376,"https://www.ebay.de/b/Holzbearbeitung-Tischlerei/22575/bn_1845083
",ebay.de,
377,"https://www.ebay.de/b/Medizintechnik-Laborbedarf/11815/bn_1844920
",ebay.de,
378,"https://www.ebay.de/b/Gebaudeinstandhaltung-Sicherheitsausstattung/11897/bn_78212401
",ebay.de,
379,"https://www.ebay.de/b/Baustoffe-Bauelemente/41498/bn_2388017
",ebay.de,
380,"https://www.ebay.de/b/Ladenausstattung-Firmenwerbung/11890/bn_1844925
",ebay.de,
381,"https://www.ebay.de/deals
",ebay.de,
382,"https://www.ebay.de/deals
",ebay.de,
383,"https://www.ebay.de/deals/elektronik
",ebay.de,
384,"https://www.ebay.de/deals/fashion/fashion-fur-ihn
",ebay.de,
385,"https://www.ebay.de/deals/fashion/fashion-fur-sie
",ebay.de,
386,"https://www.ebay.de/deals/haus-garten
",ebay.de,
387,"https://www.ebay.de/b/Sales-Aktionen/bn_7115208806
",ebay.de,
388,"https://www.ebay.de/deals/weitere-kategorien/auto-motorrad-teile
",ebay.de,
389,"https://www.ebay.de/deals/weitere-kategorien/sport-wellness
",ebay.de,
390,"https://www.ebay.de/deals/weitere-kategorien/gold-silber-munzen
",ebay.de,
391,"https://www.ebay.de/deals/weitere-kategorien
",ebay.de,
392,"https://www.ebay.de/deals/weitere-kategorien/bucher-filme-musik
",ebay.de,
393,"https://www.ebay.de/deals/weitere-kategorien/erotik
",ebay.de,
394,"https://www.ebay.de/deals/weitere-kategorien/reisen
",ebay.de,
395,"https://www.ebay.de/b/B-Ware-Center/bn_7114979731
",ebay.de,
396,"https://www.ebay.de/b/Geschenkideen/bn_7117620266
",ebay.de,
397,"https://www.ebay.de/b/Elektronik-Technik/bn_7000259853
",ebay.de,
398,"https://www.ebay.de/b/Motors/bn_7001214406
",ebay.de,
399,"https://www.ebay.de/b/Haus-Garten/bn_7000259857
",ebay.de,
400,"https://www.ebay.de/b/Kleidung-Accessoires/11450/bn_1844911
",ebay.de,
401,"https://www.ebay.de/b/Sammeln-Antiquitaten/bn_7000259666
",ebay.de,
402,"https://www.ebay.de/b/Sportartikel/888/bn_1845308
",ebay.de,
403,"https://www.ebay.de/b/Business-Industrie/12576/bn_1844931
",ebay.de,
404,"https://www.ebay.de/deals
",ebay.de,
405,"https://www.ebay.de/b/B-Ware-Center/bn_7114979731
",ebay.de,
406,"https://www.ebay.de/b/Geschenkideen/bn_7117620266
",ebay.de,
407,"https://www.ebay.de/b/Saisonale-angebote/bn_7109743159?_trkparms=pageci%3Aec23ce3c-47f2-11ec-96ce-e660b07fb008%7Cparentrq%3A2ff1e22e17d0a12b7c910a6bfffdad9a%7Ciid%3A0
",ebay.de,
408,"https://www.ebay.de/b/Saisonale-angebote/bn_7109743159?_trkparms=pageci%3Aec23ce3c-47f2-11ec-96ce-e660b07fb008%7Cparentrq%3A2ff1e22e17d0a12b7c910a6bfffdad9a%7Ciid%3A0
",ebay.de,
409,"https://pages.ebay.de/gutscheine/winterfest21?_trkparms=pageci%3Aec23ce3c-47f2-11ec-96ce-e660b07fb008%7Cparentrq%3A2ff1e22e17d0a12b7c910a6bfffdad9a%7Ciid%3A0
",ebay.de,
410,"https://www.ebay.de/b/Saisonale-angebote/bn_7109743159?_trkparms=pageci%3Aec23ce3c-47f2-11ec-96ce-e660b07fb008%7Cparentrq%3A2ff1e22e17d0a12b7c910a6bfffdad9a%7Ciid%3A0
",ebay.de,
411,"https://www.ebay.de/b/Saisonale-aktionen/bn_7109749158?_trkparms=pageci%3Aec23ce3c-47f2-11ec-96ce-e660b07fb008%7Cparentrq%3A2ff1e22e17d0a12b7c910a6bfffdad9a%7Ciid%3A0
",ebay.de,
412,"https://www.ebay.de/b/Saisonale-aktionen/bn_7109749158?_trkparms=pageci%3Aec23ce3c-47f2-11ec-96ce-e660b07fb008%7Cparentrq%3A2ff1e22e17d0a12b7c910a6bfffdad9a%7Ciid%3A0
",ebay.de,
413,"https://pages.ebay.de/gutscheine/pkw21?_trkparms=pageci%3Aec23ce3c-47f2-11ec-96ce-e660b07fb008%7Cparentrq%3A2ff1e22e17d0a12b7c910a6bfffdad9a%7Ciid%3A0
",ebay.de,
414,"https://www.ebay.de/b/Saisonale-aktionen/bn_7109749158?_trkparms=pageci%3Aec23ce3c-47f2-11ec-96ce-e660b07fb008%7Cparentrq%3A2ff1e22e17d0a12b7c910a6bfffdad9a%7Ciid%3A0
",ebay.de,
415,"https://www.ebay.de/b/Sales-Aktionen/bn_7115208806?_trkparms=pageci%3Aec23ce3c-47f2-11ec-96ce-e660b07fb008%7Cparentrq%3A2ff1e22e17d0a12b7c910a6bfffdad9a%7Ciid%3A0
",ebay.de,
416,"https://www.ebay.de/b/Sales-Aktionen/bn_7115208806?_trkparms=pageci%3Aec23ce3c-47f2-11ec-96ce-e660b07fb008%7Cparentrq%3A2ff1e22e17d0a12b7c910a6bfffdad9a%7Ciid%3A0
",ebay.de,
417,"https://www.ebay.de/e/aktionen-sales/sodastream-sonderaktion-november21?_trkparms=pageci%3Aec23ce3c-47f2-11ec-96ce-e660b07fb008%7Cparentrq%3A2ff1e22e17d0a12b7c910a6bfffdad9a%7Ciid%3A0
",ebay.de,
418,"https://www.ebay.de/e/aktionen-sales/wmf-sonderaktion-november21?_trkparms=pageci%3Aec23ce3c-47f2-11ec-96ce-e660b07fb008%7Cparentrq%3A2ff1e22e17d0a12b7c910a6bfffdad9a%7Ciid%3A0
",ebay.de,
419,"https://www.ebay.de/e/aktionen-sales/bk-licht-sonderaktion-november21?_trkparms=pageci%3Aec23ce3c-47f2-11ec-96ce-e660b07fb008%7Cparentrq%3A2ff1e22e17d0a12b7c910a6bfffdad9a%7Ciid%3A0
",ebay.de,
420,"https://www.ebay.de/vlp2/brand-outlet?_trkparms=pageci%3Aec23ce3c-47f2-11ec-96ce-e660b07fb008%7Cparentrq%3A2ff1e22e17d0a12b7c910a6bfffdad9a%7Ciid%3A0
",ebay.de,
421,"https://www.ebay.de/vlp2/brand-outlet?_trkparms=pageci%3Aec23ce3c-47f2-11ec-96ce-e660b07fb008%7Cparentrq%3A2ff1e22e17d0a12b7c910a6bfffdad9a%7Ciid%3A0
",ebay.de,
422,"https://www.ebay.de/e/_fashion/damenmode-outlet?_trkparms=pageci%3Aec23ce3c-47f2-11ec-96ce-e660b07fb008%7Cparentrq%3A2ff1e22e17d0a12b7c910a6bfffdad9a%7Ciid%3A0
",ebay.de,
423,"https://www.ebay.de/e/_fashion/herrenmode-outlet?_trkparms=pageci%3Aec23ce3c-47f2-11ec-96ce-e660b07fb008%7Cparentrq%3A2ff1e22e17d0a12b7c910a6bfffdad9a%7Ciid%3A0
",ebay.de,
424,"https://www.ebay.de/e/_fashion/kindermode-outlet?_trkparms=pageci%3Aec23ce3c-47f2-11ec-96ce-e660b07fb008%7Cparentrq%3A2ff1e22e17d0a12b7c910a6bfffdad9a%7Ciid%3A0
",ebay.de,
425,"https://www.ebay.de/e/angebote/sgall?_trkparms=pageci%3Aec23ce3c-47f2-11ec-96ce-e660b07fb008%7Cparentrq%3A2ff1e22e17d0a12b7c910a6bfffdad9a%7Ciid%3A1
",ebay.de,
426,"https://www.ebay.de/e/angebote/sgall?_trkparms=pageci%3Aec23ce3c-47f2-11ec-96ce-e660b07fb008%7Cparentrq%3A2ff1e22e17d0a12b7c910a6bfffdad9a%7Ciid%3A1
",ebay.de,
427,"https://www.ebay.de/itm/322544718303?var=513663394673&_trkparms=%26rpp_cid%3D5ca1fa15f041412ce32f28d7%26rpp_icid%3D5ca1fa15f041412ce32f28d6&_trkparms=pageci%3Aec23ce3c-47f2-11ec-96ce-e660b07fb008%7Cparentrq%3A2ff1e22e17d0a12b7c910a6bfffdad9a%7Ciid%3A1
",ebay.de,
428,"https://www.ebay.de/itm/363605951825?var=632831137017&_trkparms=%26rpp_cid%3D5ca1fa15f041412ce32f28d7%26rpp_icid%3D5ca1fa15f041412ce32f28d6&_trkparms=pageci%3Aec23ce3c-47f2-11ec-96ce-e660b07fb008%7Cparentrq%3A2ff1e22e17d0a12b7c910a6bfffdad9a%7Ciid%3A1
",ebay.de,
429,"https://www.ebay.de/itm/273994996360?var=573995771485&_trkparms=%26rpp_cid%3D5ca1fa15f041412ce32f28d7%26rpp_icid%3D5ca1fa15f041412ce32f28d6&_trkparms=pageci%3Aec23ce3c-47f2-11ec-96ce-e660b07fb008%7Cparentrq%3A2ff1e22e17d0a12b7c910a6bfffdad9a%7Ciid%3A1
",ebay.de,
430,"https://www.ebay.de/itm/264987156187?_trkparms=%26rpp_cid%3D5ca1fa15f041412ce32f28d7%26rpp_icid%3D5ca1fa15f041412ce32f28d6&_trkparms=pageci%3Aec23ce3c-47f2-11ec-96ce-e660b07fb008%7Cparentrq%3A2ff1e22e17d0a12b7c910a6bfffdad9a%7Ciid%3A1
",ebay.de,
431,"https://www.ebay.de/itm/332473307989?_trkparms=%26rpp_cid%3D5ca1fa15f041412ce32f28d7%26rpp_icid%3D5ca1fa15f041412ce32f28d6&_trkparms=pageci%3Aec23ce3c-47f2-11ec-96ce-e660b07fb008%7Cparentrq%3A2ff1e22e17d0a12b7c910a6bfffdad9a%7Ciid%3A1
",ebay.de,
432,"https://www.ebay.de/itm/162336250634?var=461358140140&_trkparms=%26rpp_cid%3D5ca1fa15f041412ce32f28d7%26rpp_icid%3D5ca1fa15f041412ce32f28d6&_trkparms=pageci%3Aec23ce3c-47f2-11ec-96ce-e660b07fb008%7Cparentrq%3A2ff1e22e17d0a12b7c910a6bfffdad9a%7Ciid%3A1
",ebay.de,
433,"https://www.ebay.de/itm/363610414700?_trkparms=%26rpp_cid%3D5ca1fa15f041412ce32f28d7%26rpp_icid%3D5ca1fa15f041412ce32f28d6&_trkparms=pageci%3Aec23ce3c-47f2-11ec-96ce-e660b07fb008%7Cparentrq%3A2ff1e22e17d0a12b7c910a6bfffdad9a%7Ciid%3A1
",ebay.de,
434,"https://www.ebay.de/itm/321504665314?var=510387471254&_trkparms=%26rpp_cid%3D5ca1fa15f041412ce32f28d7%26rpp_icid%3D5ca1fa15f041412ce32f28d6&_trkparms=pageci%3Aec23ce3c-47f2-11ec-96ce-e660b07fb008%7Cparentrq%3A2ff1e22e17d0a12b7c910a6bfffdad9a%7Ciid%3A1
",ebay.de,
435,"https://www.ebay.de/b/Saisonale-angebote/bn_7109743159
",ebay.de,
436,"https://www.ebay.de/b/Saisonale-aktionen/bn_7109749158
",ebay.de,
437,"https://www.ebay.de/e/aktionen-sales/wmf-sonderaktion-november21
",ebay.de,
438,"https://www.ebay.de/e/_aktionen/betty-barclay-aktion-november
",ebay.de,
439,"https://www.ebay.de/e/aktionen-sales/bk-licht-sonderaktion-november21
",ebay.de,
440,"https://www.ebay.de/e/_aktionen/julie-and-grace-aktion-november
",ebay.de,
441,"https://www.ebay.de/e/aktionen-sales/sodastream-sonderaktion-november21
",ebay.de,
442,"https://svcs.ebay.com/delstats/clk/rtm?url=https%3A%2F%2Fwww.ebay.de%2Fdeals&p=100004&mc=YnM9Nzd8dD03N3x0ZHQ9aWlkOjU5ODA1MzE5OTgxNDA5MjY2NzcsY2xraWQ6NTk4MDUzMTk5ODE0MDkyNjY3Nnxidz1MQVJHRXxwbG10PShjaGFubmVsOm51bGwgY2lkOjQ2NzgxIGdiaDogaWlkOjU5ODA1MzE5OTgxNDA5MjY2NzcgbWlkOjcyMzg1IHBhZ2VjaTo1YjhjZTc4MC1iY2JkLTRkNDktOTQzZC00NGZkZDlkYTc2NDYgcGFyZW50cnE6MmZmMWUyMmUxN2QwYTEyYjdjOTEwYTZiZmZmZGFkOWEgcGlkOjEwMDAwNCBzaWQ6LTEgdGlkOjA5ZDAwMDlmLTZlZjgtNDUwYS1iZWEzLTRmMTk3M2RiNzFmOCB0dHlwZTpIT01FX1BBR0VfQkFOTkVSX1ZFTE9DSVRZIHZpZDpjZDFmZWUzYTUzNTU0NjQ2M2FiMGMyNTczYzFjNTA5ZjAxNmVjODYzYzI2NTE5ZDk3NDlhYWQ1YzczMDU1ZTk1KXx1bD1kZS1ERXxndWlkPTJmZjFlMjUyMTdkMGExMmI3Yzk3OWQ0MmZmZjg0ZDUwfG09NzIzODV8bW9idHJrSWQ9Y2VmZjliNjYtOWRlMS00ZGI5LTgyNWQtN2U0MWQ5YmNjYjZjfnNBaTZoTThKbVlVTkh3VDhPdlFHZUxqOWpPNFNlV21QajNSeVNjaWdUamh+R0VtV3pSdFFSVVBPczc3QVFxa0E2MlhSQm00WGpnNE13UHFkRXV4bmFwWnx1Yz03Nw%3D%3D&_trkparms=pageci%3Aec23ce3c-47f2-11ec-96ce-e660b07fb008%7Cparentrq%3A2ff1e22e17d0a12b7c910a6bfffdad9a%7Ciid%3A1
",ebay.com,
443,"https://svcs.ebay.com/delstats/clk/rtm?url=https%3A%2F%2Fwww.ebay.de%2Fdeals&p=100004&mc=YnM9Nzd8dD03N3x0ZHQ9aWlkOjU5ODA1MzE5OTgxNDA5MjY2NzcsY2xraWQ6NTk4MDUzMTk5ODE0MDkyNjY3Nnxidz1MQVJHRXxwbG10PShjaGFubmVsOm51bGwgY2lkOjQ2NzgxIGdiaDogaWlkOjU5ODA1MzE5OTgxNDA5MjY2NzcgbWlkOjcyMzg1IHBhZ2VjaTo1YjhjZTc4MC1iY2JkLTRkNDktOTQzZC00NGZkZDlkYTc2NDYgcGFyZW50cnE6MmZmMWUyMmUxN2QwYTEyYjdjOTEwYTZiZmZmZGFkOWEgcGlkOjEwMDAwNCBzaWQ6LTEgdGlkOjA5ZDAwMDlmLTZlZjgtNDUwYS1iZWEzLTRmMTk3M2RiNzFmOCB0dHlwZTpIT01FX1BBR0VfQkFOTkVSX1ZFTE9DSVRZIHZpZDpjZDFmZWUzYTUzNTU0NjQ2M2FiMGMyNTczYzFjNTA5ZjAxNmVjODYzYzI2NTE5ZDk3NDlhYWQ1YzczMDU1ZTk1KXx1bD1kZS1ERXxndWlkPTJmZjFlMjUyMTdkMGExMmI3Yzk3OWQ0MmZmZjg0ZDUwfG09NzIzODV8bW9idHJrSWQ9Y2VmZjliNjYtOWRlMS00ZGI5LTgyNWQtN2U0MWQ5YmNjYjZjfnNBaTZoTThKbVlVTkh3VDhPdlFHZUxqOWpPNFNlV21QajNSeVNjaWdUamh+R0VtV3pSdFFSVVBPczc3QVFxa0E2MlhSQm00WGpnNE13UHFkRXV4bmFwWnx1Yz03Nw%3D%3D&_trkparms=pageci%3Aec23ce3c-47f2-11ec-96ce-e660b07fb008%7Cparentrq%3A2ff1e22e17d0a12b7c910a6bfffdad9a%7Ciid%3A1
",ebay.com,
444,"https://svcs.ebay.com/delstats/clk/rtm?url=https%3A%2F%2Fwww.ebay.de%2Fdeals&p=100004&mc=YnM9Nzd8dD03N3x0ZHQ9aWlkOjU5ODA1MzE5OTgxNDA5MjY2NzcsY2xraWQ6NTk4MDUzMTk5ODE0MDkyNjY3Nnxidz1MQVJHRXxwbG10PShjaGFubmVsOm51bGwgY2lkOjQ2NzgxIGdiaDogaWlkOjU5ODA1MzE5OTgxNDA5MjY2NzcgbWlkOjcyMzg1IHBhZ2VjaTo1YjhjZTc4MC1iY2JkLTRkNDktOTQzZC00NGZkZDlkYTc2NDYgcGFyZW50cnE6MmZmMWUyMmUxN2QwYTEyYjdjOTEwYTZiZmZmZGFkOWEgcGlkOjEwMDAwNCBzaWQ6LTEgdGlkOjA5ZDAwMDlmLTZlZjgtNDUwYS1iZWEzLTRmMTk3M2RiNzFmOCB0dHlwZTpIT01FX1BBR0VfQkFOTkVSX1ZFTE9DSVRZIHZpZDpjZDFmZWUzYTUzNTU0NjQ2M2FiMGMyNTczYzFjNTA5ZjAxNmVjODYzYzI2NTE5ZDk3NDlhYWQ1YzczMDU1ZTk1KXx1bD1kZS1ERXxndWlkPTJmZjFlMjUyMTdkMGExMmI3Yzk3OWQ0MmZmZjg0ZDUwfG09NzIzODV8bW9idHJrSWQ9Y2VmZjliNjYtOWRlMS00ZGI5LTgyNWQtN2U0MWQ5YmNjYjZjfnNBaTZoTThKbVlVTkh3VDhPdlFHZUxqOWpPNFNlV21QajNSeVNjaWdUamh+R0VtV3pSdFFSVVBPczc3QVFxa0E2MlhSQm00WGpnNE13UHFkRXV4bmFwWnx1Yz03Nw%3D%3D&_trkparms=pageci%3Aec23ce3c-47f2-11ec-96ce-e660b07fb008%7Cparentrq%3A2ff1e22e17d0a12b7c910a6bfffdad9a%7Ciid%3A1
",ebay.com,
445,"https://www.ebay.de/deals?_trkparms=pageci%3Aec23ce3c-47f2-11ec-96ce-e660b07fb008%7Cparentrq%3A2ff1e22e17d0a12b7c910a6bfffdad9a%7Ciid%3A1
",ebay.de,
446,"https://www.ebay.de/deals?_trkparms=pageci%3Aec23ce3c-47f2-11ec-96ce-e660b07fb008%7Cparentrq%3A2ff1e22e17d0a12b7c910a6bfffdad9a%7Ciid%3A1
",ebay.de,
447,"https://www.ebay.de/itm/154493100018?_trkparms=pageci%3Aec23ce3c-47f2-11ec-96ce-e660b07fb008%7Cparentrq%3A2ff1e22e17d0a12b7c910a6bfffdad9a%7Ciid%3A1
",ebay.de,
448,"https://www.ebay.de/itm/263099977748?_trkparms=pageci%3Aec23ce3c-47f2-11ec-96ce-e660b07fb008%7Cparentrq%3A2ff1e22e17d0a12b7c910a6bfffdad9a%7Ciid%3A1
",ebay.de,
449,"https://www.ebay.de/itm/334207696855?_trkparms=pageci%3Aec23ce3c-47f2-11ec-96ce-e660b07fb008%7Cparentrq%3A2ff1e22e17d0a12b7c910a6bfffdad9a%7Ciid%3A1
",ebay.de,
450,"https://www.ebay.de/itm/264358228130?_trkparms=pageci%3Aec23ce3c-47f2-11ec-96ce-e660b07fb008%7Cparentrq%3A2ff1e22e17d0a12b7c910a6bfffdad9a%7Ciid%3A1
",ebay.de,
451,"https://www.ebay.de/itm/133897239777?_trkparms=pageci%3Aec23ce3c-47f2-11ec-96ce-e660b07fb008%7Cparentrq%3A2ff1e22e17d0a12b7c910a6bfffdad9a%7Ciid%3A1
",ebay.de,
452,"https://www.ebay.de/itm/265400610716?_trkparms=pageci%3Aec23ce3c-47f2-11ec-96ce-e660b07fb008%7Cparentrq%3A2ff1e22e17d0a12b7c910a6bfffdad9a%7Ciid%3A1
",ebay.de,
453,"https://www.ebay.de/itm/401653131483?_trkparms=pageci%3Aec23ce3c-47f2-11ec-96ce-e660b07fb008%7Cparentrq%3A2ff1e22e17d0a12b7c910a6bfffdad9a%7Ciid%3A1
",ebay.de,
454,"https://www.ebay.de/itm/183141398049?_trkparms=pageci%3Aec23ce3c-47f2-11ec-96ce-e660b07fb008%7Cparentrq%3A2ff1e22e17d0a12b7c910a6bfffdad9a%7Ciid%3A1
",ebay.de,
455,"https://www.ebay.de/itm/392701251115?_trkparms=pageci%3Aec23ce3c-47f2-11ec-96ce-e660b07fb008%7Cparentrq%3A2ff1e22e17d0a12b7c910a6bfffdad9a%7Ciid%3A1
",ebay.de,
456,"https://www.ebay.de/itm/233987458193?_trkparms=pageci%3Aec23ce3c-47f2-11ec-96ce-e660b07fb008%7Cparentrq%3A2ff1e22e17d0a12b7c910a6bfffdad9a%7Ciid%3A1
",ebay.de,
457,"https://www.ebay.de/itm/284121660507?_trkparms=pageci%3Aec23ce3c-47f2-11ec-96ce-e660b07fb008%7Cparentrq%3A2ff1e22e17d0a12b7c910a6bfffdad9a%7Ciid%3A1
",ebay.de,
458,"https://www.ebay.de/itm/284357335593?_trkparms=pageci%3Aec23ce3c-47f2-11ec-96ce-e660b07fb008%7Cparentrq%3A2ff1e22e17d0a12b7c910a6bfffdad9a%7Ciid%3A1
",ebay.de,
459,"https://www.ebay.de/itm/154112493329?_trkparms=pageci%3Aec23ce3c-47f2-11ec-96ce-e660b07fb008%7Cparentrq%3A2ff1e22e17d0a12b7c910a6bfffdad9a%7Ciid%3A1
",ebay.de,
460,"https://www.ebay.de/itm/194475845681?_trkparms=pageci%3Aec23ce3c-47f2-11ec-96ce-e660b07fb008%7Cparentrq%3A2ff1e22e17d0a12b7c910a6bfffdad9a%7Ciid%3A1
",ebay.de,
461,"https://pulsar.ebay.de/plsr/clk/0/VPS/9?pld=%7B%22ampid%22%3A%221PD_CLK%22%2C%22enc%22%3A%22AQAGAAACUD1azH3nG7mP%2BwI0dfy2krsDcLlDhhQAjMD96QIC2PL4gbeMrnlcdn%2BuPFlUDPmx3YsDOg1WaB7Cy%2Bax0%2F01wKVOl7DpjyzL%2BAySInolIde%2FRslCcURsgPNkHr16UaLFCMvhzPo%2FVaitplqiECkaRT8c58aER%2FDdeWvKz2yJIWx3k%2B9L9FqfL4LCS3Xyh8IhHTKpcriOZekwXVELEeEcSti1HB3exdnEYya9IpSh5wBbi2DfKi1p0GP2O83JKPYfxt4KKRaO517Z2EQEXBoOetcsMeBSx2NLmVzXDZOxDghJYQZLZSH4XVOOTQCn73lYy%2FwRxDCpaoL09tmBLGoJqM1wLPluLt%2Frtw7G%2FlUsQ7DF18VEME39rOkf%2F6uzdb6cLqbGiIEUhNAfMtAfOfeOhcr%2Fag3qxPNRddnZbnm1cSad9Qeeyjg0n%2FRcNogcFZrcrnwj7bYfb1vPZWdArUBgiI4w9CXjncfl8uVlXScZFD64m6mVr07Br%2FqfGsgexcTs%2BJnWFpVDSywvXDVaBo89N4p92MykBn6vMoC7jciGMXgVQi9H5Dbxrg0mKFW7BO3Gi7DxoCa1F06AptE77yqGYRThtkjlxFre1PQt2gFwcZy0NrAMjt1TqWB%2BrzDqNFGktbG%2BrXxgn8cz1uK1MMiqPyeL7W129PJcgXzxt5ahC6CD19QY7WaTUjgdqp%2FVBr0Mas40MzB%2FcIdGlSovAd8zXv7%2FB6ULbiaWJ7wH%2FuNI5ZQEk2mI3hB9D5M9Z1KnruGZwztW2aPGdigmgvuJyin9lZ8%3D%22%2C%22mecs%22%3A%2250000645753b3abe45ef5641ae847d3f3302455928%22%7D&_trkparms=pageci%3Aec23ce3c-47f2-11ec-96ce-e660b07fb008%7Cparentrq%3A2ff1e22e17d0a12b7c910a6bfffdad9a%7Ciid%3A1
",ebay.de,
462,"https://www.ebay.de/e/gesponsorte-events/nespresso-coupon?_trkparms=pageci%3Aec23ce3c-47f2-11ec-96ce-e660b07fb008%7Cparentrq%3A2ff1e22e17d0a12b7c910a6bfffdad9a%7Ciid%3A1
",ebay.de,
463,"https://www.ebay.de/e/gesponsorte-events/nespresso-coupon?_trkparms=pageci%3Aec23ce3c-47f2-11ec-96ce-e660b07fb008%7Cparentrq%3A2ff1e22e17d0a12b7c910a6bfffdad9a%7Ciid%3A1
",ebay.de,
464,"https://www.ebay.de/e/gesponsorte-events/nespresso-coupon?_trkparms=pageci%3Aec23ce3c-47f2-11ec-96ce-e660b07fb008%7Cparentrq%3A2ff1e22e17d0a12b7c910a6bfffdad9a%7Ciid%3A1
",ebay.de,
465,"https://svcs.ebay.com/delstats/clk/rtm?url=https%3A%2F%2Fpages.ebay.de%2Feinkaufen%2F&p=100006&mc=YnM9Nzd8dD03N3x0ZHQ9aWlkOjU5ODA1MzE5OTc5NTU0NzUyODUsY2xraWQ6NTk4MDUzMTk5Nzk1NTQ3NTI4NHxidz1MQVJHRXxwbG10PShjaGFubmVsOm51bGwgY2lkOjQ1NDQ1IGdiaDogaWlkOjU5ODA1MzE5OTc5NTU0NzUyODUgbWlkOjcwMDM4IHBhZ2VjaTpmN2M4ZDg0MS1jZWRjLTRiNzMtYjE4OC04YzI0MWYyYzc1YTYgcGFyZW50cnE6MmZmMWUyMmUxN2QwYTEyYjdjOTEwYTZiZmZmZGFkOWEgcGlkOjEwMDAwNiBzaWQ6LTEgdGlkOjcxZmJmZjA5LTA5MmEtNDlkZS1iMmM2LWJhMDM3NjhjYzkzMCB0dHlwZTpIT01FX1BBR0VfQkFOTkVSX1ZFTE9DSVRZIHZpZDpiZDE4ZTI4ZDc5M2Y4YmNlOTk4ZWZmZTlmOTg3NTFmZTM1NjVhNDQ4ODliZTUwNmE3NWI3ZDNlNWU1NTAyMmIyKXx1bD1kZS1ERXxndWlkPTJmZjFlMjUyMTdkMGExMmI3Yzk3OWQ0MmZmZjg0ZDUwfG09NzAwMzh8bW9idHJrSWQ9Y2VmZjliNjYtOWRlMS00ZGI5LTgyNWQtN2U0MWQ5YmNjYjZjfnNBaTZoTThKbVlVTkh3VDhPdlFHZUxqOWpPNFNlV21QajNSeVNjaWdUamh+R0VtV3pSdFFSVVBPczc3QVFxa0E2MlhSQm00WGpnNE13UHFkRXV4bmFwWnx1Yz03Nw%3D%3D&_trkparms=pageci%3Aec23ce3c-47f2-11ec-96ce-e660b07fb008%7Cparentrq%3A2ff1e22e17d0a12b7c910a6bfffdad9a%7Ciid%3A1
",ebay.com,
466,"https://svcs.ebay.com/delstats/clk/rtm?url=https%3A%2F%2Fpages.ebay.de%2Feinkaufen%2F&p=100006&mc=YnM9Nzd8dD03N3x0ZHQ9aWlkOjU5ODA1MzE5OTc5NTU0NzUyODUsY2xraWQ6NTk4MDUzMTk5Nzk1NTQ3NTI4NHxidz1MQVJHRXxwbG10PShjaGFubmVsOm51bGwgY2lkOjQ1NDQ1IGdiaDogaWlkOjU5ODA1MzE5OTc5NTU0NzUyODUgbWlkOjcwMDM4IHBhZ2VjaTpmN2M4ZDg0MS1jZWRjLTRiNzMtYjE4OC04YzI0MWYyYzc1YTYgcGFyZW50cnE6MmZmMWUyMmUxN2QwYTEyYjdjOTEwYTZiZmZmZGFkOWEgcGlkOjEwMDAwNiBzaWQ6LTEgdGlkOjcxZmJmZjA5LTA5MmEtNDlkZS1iMmM2LWJhMDM3NjhjYzkzMCB0dHlwZTpIT01FX1BBR0VfQkFOTkVSX1ZFTE9DSVRZIHZpZDpiZDE4ZTI4ZDc5M2Y4YmNlOTk4ZWZmZTlmOTg3NTFmZTM1NjVhNDQ4ODliZTUwNmE3NWI3ZDNlNWU1NTAyMmIyKXx1bD1kZS1ERXxndWlkPTJmZjFlMjUyMTdkMGExMmI3Yzk3OWQ0MmZmZjg0ZDUwfG09NzAwMzh8bW9idHJrSWQ9Y2VmZjliNjYtOWRlMS00ZGI5LTgyNWQtN2U0MWQ5YmNjYjZjfnNBaTZoTThKbVlVTkh3VDhPdlFHZUxqOWpPNFNlV21QajNSeVNjaWdUamh+R0VtV3pSdFFSVVBPczc3QVFxa0E2MlhSQm00WGpnNE13UHFkRXV4bmFwWnx1Yz03Nw%3D%3D&_trkparms=pageci%3Aec23ce3c-47f2-11ec-96ce-e660b07fb008%7Cparentrq%3A2ff1e22e17d0a12b7c910a6bfffdad9a%7Ciid%3A1
",ebay.com,
467,"https://svcs.ebay.com/delstats/clk/rtm?url=https%3A%2F%2Fpages.ebay.de%2Feinkaufen%2F&p=100006&mc=YnM9Nzd8dD03N3x0ZHQ9aWlkOjU5ODA1MzE5OTc5NTU0NzUyODUsY2xraWQ6NTk4MDUzMTk5Nzk1NTQ3NTI4NHxidz1MQVJHRXxwbG10PShjaGFubmVsOm51bGwgY2lkOjQ1NDQ1IGdiaDogaWlkOjU5ODA1MzE5OTc5NTU0NzUyODUgbWlkOjcwMDM4IHBhZ2VjaTpmN2M4ZDg0MS1jZWRjLTRiNzMtYjE4OC04YzI0MWYyYzc1YTYgcGFyZW50cnE6MmZmMWUyMmUxN2QwYTEyYjdjOTEwYTZiZmZmZGFkOWEgcGlkOjEwMDAwNiBzaWQ6LTEgdGlkOjcxZmJmZjA5LTA5MmEtNDlkZS1iMmM2LWJhMDM3NjhjYzkzMCB0dHlwZTpIT01FX1BBR0VfQkFOTkVSX1ZFTE9DSVRZIHZpZDpiZDE4ZTI4ZDc5M2Y4YmNlOTk4ZWZmZTlmOTg3NTFmZTM1NjVhNDQ4ODliZTUwNmE3NWI3ZDNlNWU1NTAyMmIyKXx1bD1kZS1ERXxndWlkPTJmZjFlMjUyMTdkMGExMmI3Yzk3OWQ0MmZmZjg0ZDUwfG09NzAwMzh8bW9idHJrSWQ9Y2VmZjliNjYtOWRlMS00ZGI5LTgyNWQtN2U0MWQ5YmNjYjZjfnNBaTZoTThKbVlVTkh3VDhPdlFHZUxqOWpPNFNlV21QajNSeVNjaWdUamh+R0VtV3pSdFFSVVBPczc3QVFxa0E2MlhSQm00WGpnNE13UHFkRXV4bmFwWnx1Yz03Nw%3D%3D&_trkparms=pageci%3Aec23ce3c-47f2-11ec-96ce-e660b07fb008%7Cparentrq%3A2ff1e22e17d0a12b7c910a6bfffdad9a%7Ciid%3A1
",ebay.com,
468,"https://www.ebay.de/n/all-categories
",ebay.de,
469,"https://www.ebay.de/help/account/signing-ebay-account/ein-ebaykonto-anmelden?id=4191
",ebay.de,
470,"https://pages.ebay.de/einkaufen/
",ebay.de,
471,"https://www.ebay.de/deals
",ebay.de,
472,"https://pages.ebay.de/einkaufen/ebay-garantie.html
",ebay.de,
473,"https://www.ebay.de/help/buying/getting-started-ebay/using-ebay-app?id=4032
",ebay.de,
474,"https://www.ebay.de/b/Sales-Aktionen/bn_7115208806
",ebay.de,
475,"https://pages.ebay.de/Charity/
",ebay.de,
476,"https://www.ebay.de/b/Stores-Hub/bn_7004251158
",ebay.de,
477,"https://www.ebay.de/sl/verkaufen
",ebay.de,
478,"https://verkaeuferportal.ebay.de/
",ebay.de,
479,"https://verkaeuferportal.ebay.de/anleitung-fuer-neue-verkaeufer-gewerblich
",ebay.de,
480,"https://verkaeuferportal.ebay.de/verkaeufer-news?targetgroup=B2C
",ebay.de,
481,"https://verkaeuferportal.ebay.de/verkaufen-bei-ebay/gebuehren-gewerblich
",ebay.de,
482,"https://verkaeuferportal.ebay.de/ebay-shops
",ebay.de,
483,"https://www.ebay.de/help/policies/selling-policies/grundstze-fr-das-verkaufen?id=4214
",ebay.de,
484,"https://www.ebay.de/help/selling/selling-tools/selling-tools?id=4073
",ebay.de,
485,"https://verkaeuferportal.ebay.de/versand
",ebay.de,
486,"https://verkaeuferportal.ebay.de/umsatz-steigern/international-verkaufen
",ebay.de,
487,"https://pages.ebay.de/rechtsportal/index.html
",ebay.de,
488,"https://verkaeuferportal.ebay.de/verkaeuferstandards/verkaeuferschutz
",ebay.de,
489,"https://komfort.ebay.de/
",ebay.de,
490,"https://www.ebayinc.com
",slot11847.ebay.com.edgekey.net.,
491,"https://www.ebayinc.com/stories/press-room/de/
",slot11847.ebay.com.edgekey.net.,
492,"https://www.ebay.de/help/policies/member-behavior-policies/impressum?id=4714
",ebay.de,
493,"https://careers.ebayinc.com/
",slot11847.ebay.com.edgekey.net.,
494,"https://partner.ebay.de/
",ebay.de,
495,"https://advertising.ebay.de/
",ebay.de,
496,"https://partnernetwork.ebay.de/
",ebay.de,
497,"https://developer.ebay.com/xcom/redirect/redirect.html?id=60
",ebay.com,
498,"https://www.ebay.de/help/policies/member-behavior-policies/allgemeine-geschftsbedingungen-fr-die-nutzung-der-deutschen-ebaydienste?id=4259
",ebay.de,
499,"https://www.ebay.de/help/policies/member-behavior-policies/datenschutzerklrung?id=4260
",ebay.de,
500,"https://www.ebay.de/help/policies/member-behavior-policies/allgemeine-geschftsbedingungen-fr-die-nutzung-der-deutschen-ebaydienste?id=4259
",ebay.de,
501,"https://pages.ebay.de/vero/
",ebay.de,
502,"https://www.ebay.de/help/home
",ebay.de,
503,"https://pages.ebay.de/safetycenter/index.html
",ebay.de,
504,"https://pages.ebay.de/rechtsportal/index.html
",ebay.de,
505,"https://www.ebay.de/help/home
",ebay.de,
506,"https://community.ebay.de/
",ebay.de,
507,"https://community.ebay.de/t5/Hilfe-von-Community-Experten/ct-p/11900000007
",ebay.de,
508,"https://community.ebay.de/t5/Diskussionsforen/ct-p/13
",ebay.de,
509,"https://community.ebay.de/t5/Clubs/ct-p/11900000000
",ebay.de,
510,"https://community.ebay.de/t5/eBay-Mitteilungen/bg-p/eBay-Mitteilungen
",ebay.de,
511,"https://www.ebay.de
",ebay.de,
512,"https://ar.ebay.com
",ebay.com,
513,"https://www.ebay.com.au
",ebay.com,
514,"http://www.ebay.be
","eBay, Inc",
515,"https://bo.ebay.com
",ebay.com,
516,"https://br.ebay.com
",ebay.com,
517,"https://cl.ebay.com
",ebay.com,
518,"http://www.ebay.cn
",,
519,"https://cr.ebay.com
",ebay.com,
520,"https://do.ebay.com
",ebay.com,
521,"https://ec.ebay.com
",ebay.com,
522,"https://sv.ebay.com
",ebay.com,
523,"https://www.ebay.fr
",slot11847.ebay.com.edgekey.net.,
524,"https://www.ebay.co.uk
",ipv4.slot11847.ebay.com.edgekey.net.,
525,"https://gt.ebay.com
",ebay.com,
526,"https://hn.ebay.com
",ebay.com,
527,"https://www.ebay.com.hk
",ebay.com,
528,"https://www.ebay.in
",slot11847.ebay.com.edgekey.net.,
529,"https://www.ebay.ie
",slot11847.ebay.com.edgekey.net.,
530,"https://il.ebay.com
",ebay.com,
531,"https://www.ebay.it
",ipv4.slot11847.ebay.com.edgekey.net.,
532,"https://www.ebay.co.jp
",wwwcojp.ebay.com.,
533,"https://www.ebay.ca
",ipv4.slot11847.ebay.com.edgekey.net.,
534,"https://kz.ebay.com
",ebay.com,
535,"https://co.ebay.com
",ebay.com,
536,"http://global.gmarket.co.kr/Home/Main
",,global.gmarket.co.kr.gccdn.net.
537,"https://www.ebay.com.my
",ebay.com,
538,"https://mx.ebay.com
",ebay.com,
539,"https://www.ebay.nl
",slot11847.ebay.com.edgekey.net.,
540,"https://ni.ebay.com
",ebay.com,
541,"https://www.ebay.at
",slot11847.ebay.com.edgekey.net.,
542,"https://pa.ebay.com
",ebay.com,
543,"https://py.ebay.com
",ebay.com,
544,"https://pe.ebay.com
",ebay.com,
545,"https://www.ebay.ph
",slot11847.ebay.com.edgekey.net.,
546,"https://www.ebay.pl
",slot11847.ebay.com.edgekey.net.,
547,"https://pt.ebay.com
",ebay.com,
548,"https://pr.ebay.com
",ebay.com,
549,"https://ru.ebay.com
",ebay.com,
550,"https://www.ebay.ch
",slot11847.ebay.com.edgekey.net.,
551,"https://www.ebay.com.sg
",ebay.com,
552,"https://www.ebay.es
",slot11847.ebay.com.edgekey.net.,
553,"http://www.ebay.com.tw
",ebay.com,
554,"https://www.gittigidiyor.com
",,
555,"https://uy.ebay.com
",ebay.com,
556,"https://www.ebay.com
",ebay.com,
557,"https://ve.ebay.com
",ebay.com,
558,"https://by.ebay.com
",ebay.com,
559,"https://www.ebayinc.com/stories/press-room/de/
",slot11847.ebay.com.edgekey.net.,
560,"https://community.ebay.de/t5/eBay-Mitteilungen/bg-p/eBay-Mitteilungen
",ebay.de,
561,"https://community.ebay.de/
",ebay.de,
562,"https://pages.ebay.de/safetycenter/
",ebay.de,
563,"https://verkaeuferportal.ebay.de
",ebay.de,
564,"https://pages.ebay.de/vero/
",ebay.de,
565,"https://www.ebay.de/help/policies/default/die-ebaygrundstze-im-berblick?id=4205
",ebay.de,
566,"https://partnernetwork.ebay.de/
",ebay.de,
567,"https://www.ebay.de/help/home
",ebay.de,
568,"https://pages.ebay.de/sitemap.html
",ebay.de,
569,"https://pages.ebay.de/help/policies/user-agreement.html
",ebay.de,
570,"https://pages.ebay.de/help/policies/privacy-policy.html
",ebay.de,
571,"https://pages.ebay.de/help/account/cookies-web-beacons.html
",ebay.de,
572,"https://www.ebay.de/adchoice
",ebay.de,
573,"https://seal.digicert.com/seals/popup/?tag=BIEBu4RK&url=www.ebay.de&lang=en&cbr=1637157663836
",,
574,"https://www.facebook.com/recover/initiate/?privacy_mutation_token=eyJ0eXBlIjowLCJjcmVhdGlvbl90aW1lIjoxNjM3MTg1Njg3LCJjYWxsc2l0ZV9pZCI6MzgxMjI5MDc5NTc1OTQ2fQ%3D%3D&ars=facebook_login
",facebook.com,
575,"facebook.de/pages/create/?ref_type=registration_form
",facebook.de,
576,"https://www.facebook.com/
",facebook.com,
577,"https://tr-tr.facebook.com/
",facebook.com,
578,"https://pl-pl.facebook.com/
",facebook.com,
579,"https://it-it.facebook.com/
",facebook.com,
580,"https://ro-ro.facebook.com/
",facebook.com,
581,"https://fr-fr.facebook.com/
",facebook.com,
582,"https://ru-ru.facebook.com/
",facebook.com,
583,"https://ar-ar.facebook.com/
",facebook.com,
584,"https://es-la.facebook.com/
",facebook.com,
585,"https://pt-br.facebook.com/
",facebook.com,
586,"facebook.de/r.php
",facebook.de,
587,"facebook.de/login/
",facebook.de,
588,"https://messenger.com/
","Facebook, Inc.",
589,"facebook.de/lite/
",facebook.de,
590,"https://www.facebook.com/watch/
",facebook.com,
591,"facebook.de/places/
",facebook.de,
592,"facebook.de/games/
",facebook.de,
593,"facebook.de/marketplace/
",facebook.de,
594,"https://pay.facebook.com/
",facebook.com,
595,"facebook.de/jobs/
",facebook.de,
596,"https://www.oculus.com/
","Facebook, Inc.",
597,"https://portal.facebook.com/
",facebook.com,
598,"https://l.facebook.com/l.php?u=https%3A%2F%2Fwww.instagram.com%2F&h=AT2-19rq8ZazXpXrse4tBrIWil-u5bGEhQyCbZAwQXETNAcOIu7mZz1MaGJNR97sDT9fwL1Utx9Xy4yz9daZuRsP-fxiySu4J35eF3JqwYhTW2E0Nrm76Qzp5o37wTufOyOZ_uivpCkJmOIF
",facebook.com,
599,"https://www.bulletin.com/
","Facebook, Inc.",
600,"facebook.de/local/lists/245019872666104/
",facebook.de,
601,"facebook.de/fundraisers/
",facebook.de,
602,"facebook.de/biz/directory/
",facebook.de,
603,"facebook.de/votinginformationcenter/?entry_point=c2l0ZQ%3D%3D
",facebook.de,
604,"facebook.de/groups/explore/
",facebook.de,
605,"https://about.facebook.com/
",facebook.com,
606,"facebook.de/ad_campaign/landing.php?placement=pflo&campaign_id=402047449186&nav_source=unknown&extra_1=auto
",facebook.de,
607,"facebook.de/pages/create/?ref_type=site_footer
",facebook.de,
608,"https://developers.facebook.com/?ref=pf
",facebook.com,
609,"facebook.de/careers/?ref=pf
",facebook.de,
610,"facebook.de/privacy/explanation
",facebook.de,
611,"facebook.de/policies/cookies/
",facebook.de,
612,"https://www.facebook.com/help/568137493302217
",facebook.com,
613,"facebook.de/legal/terms?ref=pf
",facebook.de,
614,"facebook.de/help/?ref=pf
",facebook.de,
615,"facebook.de/settings
",facebook.de,
616,"facebook.de/allactivity?privacy_source=activity_log_top_menu
",facebook.de,
617,"https://www.facebook.com/recover/initiate/?privacy_mutation_token=eyJ0eXBlIjowLCJjcmVhdGlvbl90aW1lIjoxNjM3MTg1Njg3LCJjYWxsc2l0ZV9pZCI6MzgxMjI5MDc5NTc1OTQ2fQ%3D%3D&ars=facebook_login
",facebook.com,
618,"facebook.com/pages/create/?ref_type=registration_form
",facebook.com,
619,"https://www.facebook.com/
",facebook.com,
620,"https://tr-tr.facebook.com/
",facebook.com,
621,"https://pl-pl.facebook.com/
",facebook.com,
622,"https://it-it.facebook.com/
",facebook.com,
623,"https://ro-ro.facebook.com/
",facebook.com,
624,"https://fr-fr.facebook.com/
",facebook.com,
625,"https://ru-ru.facebook.com/
",facebook.com,
626,"https://ar-ar.facebook.com/
",facebook.com,
627,"https://es-la.facebook.com/
",facebook.com,
628,"https://pt-br.facebook.com/
",facebook.com,
629,"facebook.com/r.php
",facebook.com,
630,"facebook.com/login/
",facebook.com,
631,"https://messenger.com/
","Facebook, Inc.",
632,"facebook.com/lite/
",facebook.com,
633,"https://www.facebook.com/watch/
",facebook.com,
634,"facebook.com/places/
",facebook.com,
635,"facebook.com/games/
",facebook.com,
636,"facebook.com/marketplace/
",facebook.com,
637,"https://pay.facebook.com/
",facebook.com,
638,"facebook.com/jobs/
",facebook.com,
639,"https://www.oculus.com/
","Facebook, Inc.",
640,"https://portal.facebook.com/
",facebook.com,
641,"https://l.facebook.com/l.php?u=https%3A%2F%2Fwww.instagram.com%2F&h=AT2-19rq8ZazXpXrse4tBrIWil-u5bGEhQyCbZAwQXETNAcOIu7mZz1MaGJNR97sDT9fwL1Utx9Xy4yz9daZuRsP-fxiySu4J35eF3JqwYhTW2E0Nrm76Qzp5o37wTufOyOZ_uivpCkJmOIF
",facebook.com,
642,"https://www.bulletin.com/
","Facebook, Inc.",
643,"facebook.com/local/lists/245019872666104/
",facebook.com,
644,"facebook.com/fundraisers/
",facebook.com,
645,"facebook.com/biz/directory/
",facebook.com,
646,"facebook.com/votinginformationcenter/?entry_point=c2l0ZQ%3D%3D
",facebook.com,
647,"facebook.com/groups/explore/
",facebook.com,
648,"https://about.facebook.com/
",facebook.com,
649,"facebook.com/ad_campaign/landing.php?placement=pflo&campaign_id=402047449186&nav_source=unknown&extra_1=auto
",facebook.com,
650,"facebook.com/pages/create/?ref_type=site_footer
",facebook.com,
651,"https://developers.facebook.com/?ref=pf
",facebook.com,
652,"facebook.com/careers/?ref=pf
",facebook.com,
653,"facebook.com/privacy/explanation
",facebook.com,
654,"facebook.com/policies/cookies/
",facebook.com,
655,"https://www.facebook.com/help/568137493302217
",facebook.com,
656,"facebook.com/legal/terms?ref=pf
",facebook.com,
657,"facebook.com/help/?ref=pf
",facebook.com,
658,"facebook.com/settings
",facebook.com,
659,"facebook.com/allactivity?privacy_source=activity_log_top_menu
",facebook.com,
